link,temple_name,sub_district,detail
https://www.google.com,วัดเขมิกาวาส,ตำบลกุดใส้จ่อ,<p>no detail</p>
https://www.google.com,วัดศรีเจริญ,ตำบลกุดใส้จ่อ,<p>no detail</p>
https://www.google.com,วัดสว่างโนนจาน,ตำบลกุดใส้จ่อ,<p>no detail</p>
https://www.google.com,วัดท่าเรียบ,ตำบลขามเฒ่าพัฒนา,<p>no detail</p>
https://www.google.com,วัดนิมิตมงคล,ตำบลขามเฒ่าพัฒนา,<p>no detail</p>
https://www.google.com,วัดป่าขามเฒ่าพัฒนา,ตำบลขามเฒ่าพัฒนา,<p>no detail</p>
https://www.google.com,วัดป่าดอนเปลือย,ตำบลขามเฒ่าพัฒนา,<p>no detail</p>
https://www.google.com,วัดศรีสวาสดิ์,ตำบลขามเฒ่าพัฒนา,<p>no detail</p>
https://www.google.com,วัดศรีโสภณ,ตำบลขามเฒ่าพัฒนา,<p>no detail</p>
https://www.google.com,วัดสว่างอรุณ,ตำบลขามเฒ่าพัฒนา,<p>no detail</p>
https://www.google.com,วัดเสนานิคม,ตำบลขามเฒ่าพัฒนา,<p>no detail</p>
https://www.google.com,วัดจันทร์ประดิษฐ์,ตำบลขามเรียง,<p>no detail</p>
https://www.google.com,วัดชัยจุมพล,ตำบลขามเรียง,<p>no detail</p>
https://www.google.com,วัดโนนทอง,ตำบลขามเรียง,<p>no detail</p>
https://www.google.com,วัดพุทธไชยาราม,ตำบลขามเรียง,<p>no detail</p>
https://www.google.com,วัดศรีสุข,ตำบลขามเรียง,<p>no detail</p>
https://www.google.com,วัดแก้วสว่าง,ตำบลเขวาใหญ่,<p>no detail</p>
https://www.google.com,วัดเขวาน้อย,ตำบลเขวาใหญ่,<p>no detail</p>
https://www.google.com,วัดชมพูวนาราม,ตำบลเขวาใหญ่,<p>no detail</p>
https://www.google.com,วัดดอนศรีสะอาด,ตำบลเขวาใหญ่,<p>no detail</p>
https://www.google.com,วัดท่าวารี,ตำบลเขวาใหญ่,<p>no detail</p>
https://www.google.com,วัดบ้านดอนเงิน,ตำบลเขวาใหญ่,<p>no detail</p>
https://www.google.com,วัดโพธิ์ศรีสว่าง,ตำบลเขวาใหญ่,<p>no detail</p>
https://www.google.com,วัดศรีสง่า,ตำบลเขวาใหญ่,<p>no detail</p>
https://www.google.com,วัดศรีสุธรรมาราม,ตำบลเขวาใหญ่,<p>no detail</p>
https://www.google.com,วัดดอนพระนอน,ตำบลคันธารราษฎร์,<p>no detail</p>
https://www.google.com,วัดถิรญาณ,ตำบลคันธารราษฎร์,<p>no detail</p>
https://www.google.com,วัดพุทธมงคล,ตำบลคันธารราษฎร์,<p>no detail</p>
https://www.google.com,วัดโพนพิพัฒน์,ตำบลคันธารราษฎร์,<p>no detail</p>
https://www.google.com,วัดสุวรรณมงคล,ตำบลคันธารราษฎร์,<p>no detail</p>
https://www.google.com,วัดแสงอุทัย,ตำบลคันธารราษฎร์,<p>no detail</p>
https://www.google.com,วัดศรีสมบูรณ์,ตำบลโคกพระ,<p>no detail</p>
https://www.google.com,วัดสระแก้วบุบผาราม,ตำบลโคกพระ,<p>no detail</p>
https://www.google.com,วัดสว่างดุสิต,ตำบลโคกพระ,<p>no detail</p>
https://www.google.com,วัดเจริญผล,ตำบลท่าขอนยาง,<p>no detail</p>
https://www.google.com,วัดดอนยม,ตำบลท่าขอนยาง,<p>no detail</p>
https://www.google.com,วัดบูรพา,ตำบลท่าขอนยาง,<p>no detail</p>
https://www.google.com,วัดพิไชยาราม,ตำบลท่าขอนยาง,<p>no detail</p>
https://www.google.com,วัดมหาผล,ตำบลท่าขอนยาง,<p>no detail</p>
https://www.google.com,วัดศรีเวียงชัย,ตำบลท่าขอนยาง,<p>no detail</p>
https://www.google.com,วัดสว่างวารี,ตำบลท่าขอนยาง,<p>no detail</p>
https://www.google.com,วัดเขวาโดน,ตำบลนาสีนวน,<p>no detail</p>
https://www.google.com,วัดตำแย,ตำบลนาสีนวน,<p>no detail</p>
https://www.google.com,วัดธรรมนิมิต,ตำบลนาสีนวน,<p>no detail</p>
https://www.google.com,วัดนาสีนวน,ตำบลนาสีนวน,<p>no detail</p>
https://www.google.com,วัดพรหมประสิทธิ์,ตำบลนาสีนวน,<p>no detail</p>
https://www.google.com,วัดโพธิ์มี,ตำบลนาสีนวน,<p>no detail</p>
https://www.google.com,วัดศรีไชยาราม,ตำบลนาสีนวน,<p>no detail</p>
https://www.google.com,วัดสระทองบ้านทัน,ตำบลนาสีนวน,<p>no detail</p>
https://www.google.com,วัดหนองคู,ตำบลนาสีนวน,<p>no detail</p>
https://www.google.com,วัดกุดเวียน,ตำบลมะค่า,<p>no detail</p>
https://www.google.com,วัดเกษรเจริญผล,ตำบลมะค่า,<p>no detail</p>
https://www.google.com,วัดตาลเรือง,ตำบลมะค่า,<p>no detail</p>
https://www.google.com,วัดท่าสีดาบัวขาว,ตำบลมะค่า,<p>no detail</p>
https://www.google.com,วัดป่ายางห่าง,ตำบลมะค่า,<p>no detail</p>
https://www.google.com,วัดศรีมงคล,ตำบลมะค่า,<p>no detail</p>
https://www.google.com,วัดเสนาวารี,ตำบลมะค่า,<p>no detail</p>
https://www.google.com,วัดเสริมสุขคงคา,ตำบลมะค่า,<p>no detail</p>
https://www.google.com,วัดเกาะแก้วสว่างอารมณ์,ตำบลศรีสุข,<p>no detail</p>
https://www.google.com,วัดนาดี,ตำบลศรีสุข,<p>no detail</p>
https://www.google.com,วัดน้ำเที่ยง,ตำบลศรีสุข,<p>no detail</p>
https://www.google.com,วัดบวรมงคล,ตำบลศรีสุข,<p>no detail</p>
https://www.google.com,วัดปทุมวัน,ตำบลศรีสุข,<p>no detail</p>
https://www.google.com,วัดโพธิ์ศรี,ตำบลศรีสุข,<p>no detail</p>
https://www.google.com,วัดศรีสุข,ตำบลศรีสุข,<p>no detail</p>
https://www.google.com,วัดหนองแคน,ตำบลศรีสุข,<p>no detail</p>
https://www.google.com,วัดป่าศรัทธาธรรมวิทยา,ตำบลโคกพระ,<p>no detail</p>
https://www.google.com,วัดป่าหนองโก,ตำบลโคกพระ,<p>no detail</p>
https://www.google.com,วัดป่าวังเลิง,ตำบลท่าขอนยาง,<p>no detail</p>
https://www.google.com,วัดหนองเม็ก,ตำบลนาสีนวน,<p>no detail</p>
https://www.google.com,วัดกลางกุดรัง,ตำบลกุดรัง,<p>no detail</p>
https://www.google.com,วัดกุดเม็ก,ตำบลกุดรัง,<p>no detail</p>
https://www.google.com,วัดโคกลี่,ตำบลกุดรัง,<p>no detail</p>
https://www.google.com,วัดหนองคลอง,ตำบลกุดรัง,<p>no detail</p>
https://www.google.com,วัดหนองป้าน,ตำบลกุดรัง,<p>no detail</p>
https://www.google.com,วัดหัวขัว,ตำบลกุดรัง,<p>no detail</p>
https://www.google.com,วัดหัวช้าง,ตำบลกุดรัง,<p>no detail</p>
https://www.google.com,วัดไชยยาราม,ตำบลนาโพธิ์,<p>no detail</p>
https://www.google.com,วัดนาโพธิ์,ตำบลนาโพธิ์,<p>no detail</p>
https://www.google.com,วัดหนองกุง,ตำบลนาโพธิ์,<p>no detail</p>
https://www.google.com,วัดหนองโดน,ตำบลนาโพธิ์,<p>no detail</p>
https://www.google.com,วัดบ่อแก,ตำบลเลิงแฝก,<p>no detail</p>
https://www.google.com,วัดปอแดง,ตำบลเลิงแฝก,<p>no detail</p>
https://www.google.com,วัดเลิงแฝก,ตำบลเลิงแฝก,<p>no detail</p>
https://www.google.com,วัดโสกกาว,ตำบลเลิงแฝก,<p>no detail</p>
https://www.google.com,วัดโสกคลอง,ตำบลเลิงแฝก,<p>no detail</p>
https://www.google.com,วัดหนองบอน,ตำบลเลิงแฝก,<p>no detail</p>
https://www.google.com,วัดจอมทอง,ตำบลหนองแวง,<p>no detail</p>
https://www.google.com,วัดอัมพวันบ้านห้วยแคน,ตำบลหนองแวง,<p>no detail</p>
https://www.google.com,วัดหนองแวง,ตำบลหนองแวง,<p>no detail</p>
https://www.google.com,วัดวังโจดโสภาราม,ตำบลห้วยเตย,<p>no detail</p>
https://www.google.com,วัดสำโรง,ตำบลห้วยเตย,<p>no detail</p>
https://www.google.com,วัดหนองแคน,ตำบลห้วยเตย,<p>no detail</p>
https://www.google.com,วัดหนองแสง,ตำบลห้วยเตย,<p>no detail</p>
https://www.google.com,วัดธรรมรังษี,ตำบลกุดปลาดุก,<p>no detail</p>
https://www.google.com,วัดประทุมทอง,ตำบลกุดปลาดุก,<p>no detail</p>
https://www.google.com,วัดโพธิ์ศรีเจริญ,ตำบลกุดปลาดุก,<p>no detail</p>
https://www.google.com,วัดศรีวิลัย,ตำบลกุดปลาดุก,<p>no detail</p>
https://www.google.com,วัดศรีอินทราวาส,ตำบลกุดปลาดุก,<p>no detail</p>
https://www.google.com,วัดชัยศรี,ตำบลชื่นชม,<p>no detail</p>
https://www.google.com,วัดสว่างจอมศรี,ตำบลชื่นชม,<p>no detail</p>
https://www.google.com,วัดอุทกวารินทร์,ตำบลชื่นชม,<p>no detail</p>
https://www.google.com,วัดจันทราวาส,ตำบลหนองกุง,<p>no detail</p>
https://www.google.com,วัดโพธิ์ศรีบ้านผือ,ตำบลหนองกุง,<p>no detail</p>
https://www.google.com,วัดหลุบแซง,ตำบลหนองกุง,<p>no detail</p>
https://www.google.com,วัดท่าแก,ตำบลเหล่าดอกไม้,<p>no detail</p>
https://www.google.com,วัดบูรพา,ตำบลเหล่าดอกไม้,<p>no detail</p>
https://www.google.com,วัดโพธิ์ศรีกระบาก,ตำบลเหล่าดอกไม้,<p>no detail</p>
https://www.google.com,วัดสระแก้วหนองคู,ตำบลเหล่าดอกไม้,<p>no detail</p>
https://www.google.com,วัดหมุ่นชัยศรี,ตำบลเหล่าดอกไม้,<p>no detail</p>
https://www.google.com,วัดดาวดึงษ์แกดำ,ตำบลแกดำ,<p>no detail</p>
https://www.google.com,วัดทองนพคุณ,ตำบลแกดำ,<p>no detail</p>
https://www.google.com,วัดนาภู,ตำบลแกดำ,<p>no detail</p>
https://www.google.com,วัดโพธิ์ศรีแกดำ,ตำบลแกดำ,<p>no detail</p>
https://www.google.com,วัดหนองเจริญ,ตำบลแกดำ,<p>no detail</p>
https://www.google.com,วัดหนองไผ่,ตำบลแกดำ,<p>no detail</p>
https://www.google.com,วัดหัวขัว,ตำบลแกดำ,<p>no detail</p>
https://www.google.com,วัดเหล่าจั่น,ตำบลแกดำ,<p>no detail</p>
https://www.google.com,วัดโคกลิ่น,ตำบลโนนภิบาล,<p>no detail</p>
https://www.google.com,วัดนาคูน,ตำบลโนนภิบาล,<p>no detail</p>
https://www.google.com,วัดโนนภิบาล,ตำบลโนนภิบาล,<p>no detail</p>
https://www.google.com,วัดโนนสำราญสถิตย์,ตำบลโนนภิบาล,<p>no detail</p>
https://www.google.com,วัดโสกแดง,ตำบลโนนภิบาล,<p>no detail</p>
https://www.google.com,วัดหนองไผ่,ตำบลโนนภิบาล,<p>no detail</p>
https://www.google.com,วัดตาหลุง,ตำบลมิตรภาพ,<p>no detail</p>
https://www.google.com,วัดนกกะโดก,ตำบลมิตรภาพ,<p>no detail</p>
https://www.google.com,วัดบ้านยาง,ตำบลมิตรภาพ,<p>no detail</p>
https://www.google.com,วัดบ้านเสือกินวัว,ตำบลมิตรภาพ,<p>no detail</p>
https://www.google.com,วัดป่าข่าง,ตำบลมิตรภาพ,<p>no detail</p>
https://www.google.com,วัดป่าชาด,ตำบลมิตรภาพ,<p>no detail</p>
https://www.google.com,วัดโพธิ์ศรีสะอาดพัฒนาราม,ตำบลมิตรภาพ,<p>no detail</p>
https://www.google.com,วัดสว่างแจ้งกอก,ตำบลมิตรภาพ,<p>no detail</p>
https://www.google.com,วัดสังวารคำ,ตำบลมิตรภาพ,<p>no detail</p>
https://www.google.com,วัดหนองขุ่น,ตำบลมิตรภาพ,<p>no detail</p>
https://www.google.com,วัดหนองดุก,ตำบลมิตรภาพ,<p>no detail</p>
https://www.google.com,วัดหนองบัวดง,ตำบลมิตรภาพ,<p>no detail</p>
https://www.google.com,วัดหนองหูลิง,ตำบลมิตรภาพ,<p>no detail</p>
https://www.google.com,วัดเกษบุรีดอนก่อ,ตำบลวังแสง,<p>no detail</p>
https://www.google.com,วัดโคกกลาง,ตำบลวังแสง,<p>no detail</p>
https://www.google.com,วัดบูรพาหนองบัว,ตำบลวังแสง,<p>no detail</p>
https://www.google.com,วัดไพศาลศักดาราม,ตำบลวังแสง,<p>no detail</p>
https://www.google.com,วัดราชพฤกษ์สิงขร,ตำบลวังแสง,<p>no detail</p>
https://www.google.com,วัดศิริบุรีวังแสง,ตำบลวังแสง,<p>no detail</p>
https://www.google.com,วัดคำมะมาย,ตำบลหนองกุง,<p>no detail</p>
https://www.google.com,วัดโคกไร่,ตำบลหนองกุง,<p>no detail</p>
https://www.google.com,วัดน้ำเที่ยง,ตำบลหนองกุง,<p>no detail</p>
https://www.google.com,วัดโพนละออม,ตำบลหนองกุง,<p>no detail</p>
https://www.google.com,วัดโพนสว่าง,ตำบลหนองกุง,<p>no detail</p>
https://www.google.com,วัดหนองกุง,ตำบลหนองกุง,<p>no detail</p>
https://www.google.com,วัดอรัญญิกาวาส,ตำบลวังแสง,<p>no detail</p>
https://www.google.com,วัดขิงแคง,ตำบลแก้งแก,<p>no detail</p>
https://www.google.com,วัดแจ้งใหญ่,ตำบลแก้งแก,<p>no detail</p>
https://www.google.com,วัดหนองกุงน้อย,ตำบลแก้งแก,<p>no detail</p>
https://www.google.com,วัดหัวขัว,ตำบลแก้งแก,<p>no detail</p>
https://www.google.com,วัดชัยภาษิต,ตำบลเขวาไร่,<p>no detail</p>
https://www.google.com,วัดตาลเรือง,ตำบลเขวาไร่,<p>no detail</p>
https://www.google.com,วัดเทพประดิษฐ์,ตำบลเขวาไร่,<p>no detail</p>
https://www.google.com,วัดโนนพยอม,ตำบลเขวาไร่,<p>no detail</p>
https://www.google.com,วัดโนนภาษี,ตำบลเขวาไร่,<p>no detail</p>
https://www.google.com,วัดโนนราษี,ตำบลเขวาไร่,<p>no detail</p>
https://www.google.com,วัดวังกุง,ตำบลเขวาไร่,<p>no detail</p>
https://www.google.com,วัดศรีอรัญญาวาส,ตำบลเขวาไร่,<p>no detail</p>
https://www.google.com,วัดสระทอง,ตำบลเขวาไร่,<p>no detail</p>
https://www.google.com,วัดจันทอุทัย,ตำบลเขื่อน,<p>no detail</p>
https://www.google.com,วัดชัยสุทธิ,ตำบลเขื่อน,<p>no detail</p>
https://www.google.com,วัดทรายคำ,ตำบลเขื่อน,<p>no detail</p>
https://www.google.com,วัดทิพโสต,ตำบลดอนกลาง,<p>no detail</p>
https://www.google.com,วัดวังแคน,ตำบลดอนกลาง,<p>no detail</p>
https://www.google.com,วัดวังจาน,ตำบลดอนกลาง,<p>no detail</p>
https://www.google.com,วัดหินแห่,ตำบลดอนกลาง,<p>no detail</p>
https://www.google.com,วัดชัยประสิทธิ์,ตำบลแพง,<p>no detail</p>
https://www.google.com,วัดเทพรังสรรค์,ตำบลแพง,<p>no detail</p>
https://www.google.com,วัดธาตุโนนนคร,ตำบลแพง,<p>no detail</p>
https://www.google.com,วัดป่าสามัคคีธรรม,ตำบลแพง,<p>no detail</p>
https://www.google.com,วัดโพธิ์เหนือ,ตำบลแพง,<p>no detail</p>
https://www.google.com,วัดศรีสว่างม่วงน้อย,ตำบลแพง,<p>no detail</p>
https://www.google.com,วัดหนองแวง,ตำบลแพง,<p>no detail</p>
https://www.google.com,วัดอัมพวนาราม,ตำบลแพง,<p>no detail</p>
https://www.google.com,วัดเก่าบ้านโพนงาม,ตำบลโพนงาม,<p>no detail</p>
https://www.google.com,วัดโพธิ์ศรีธาราม,ตำบลโพนงาม,<p>no detail</p>
https://www.google.com,วัดม่วงใหญ่,ตำบลโพนงาม,<p>no detail</p>
https://www.google.com,วัดวุฒิวราราม,ตำบลโพนงาม,<p>no detail</p>
https://www.google.com,วัดสว่างนิคม,ตำบลยางท่าแจ้ง,<p>no detail</p>
https://www.google.com,วัดสำโรงวราราม,ตำบลยางท่าแจ้ง,<p>no detail</p>
https://www.google.com,วัดสุวรรณคงคา,ตำบลยางท่าแจ้ง,<p>no detail</p>
https://www.google.com,วัดสุวรรณมัจฉา,ตำบลยางท่าแจ้ง,<p>no detail</p>
https://www.google.com,วัดแสงสุวรรณ,ตำบลยางท่าแจ้ง,<p>no detail</p>
https://www.google.com,วัดชัยสุทธิ,ตำบลยางน้อย,<p>no detail</p>
https://www.google.com,วัดธรรมรังษี,ตำบลยางน้อย,<p>no detail</p>
https://www.google.com,วัดมงคลชัยศรี,ตำบลยางน้อย,<p>no detail</p>
https://www.google.com,วัดศรีชุมพร,ตำบลยางน้อย,<p>no detail</p>
https://www.google.com,วัดศรีโสภณ,ตำบลยางน้อย,<p>no detail</p>
https://www.google.com,วัดเชียงส่ง,ตำบลเลิงใต้,<p>no detail</p>
https://www.google.com,วัดน้ำจ้อย,ตำบลเลิงใต้,<p>no detail</p>
https://www.google.com,วัดบ้านเลิงใต้,ตำบลเลิงใต้,<p>no detail</p>
https://www.google.com,วัดเลิงบัว,ตำบลเลิงใต้,<p>no detail</p>
https://www.google.com,วัดดอนกลาง,ตำบลวังยาว,<p>no detail</p>
https://www.google.com,วัดโนนทัน,ตำบลวังยาว,<p>no detail</p>
https://www.google.com,วัดโพธิ์กลาง,ตำบลวังยาว,<p>no detail</p>
https://www.google.com,วัดสระบัวทอง,ตำบลวังยาว,<p>no detail</p>
https://www.google.com,วัดสุทธาวาส,ตำบลวังยาว,<p>no detail</p>
https://www.google.com,วัดสุวรรณาวาส,ตำบลวังยาว,<p>no detail</p>
https://www.google.com,วัดศาลา,ตำบลหนองกุงสวรรค์,<p>no detail</p>
https://www.google.com,วัดหญ้าขาว,ตำบลหนองกุงสวรรค์,<p>no detail</p>
https://www.google.com,วัดหนองกุง,ตำบลหนองกุงสวรรค์,<p>no detail</p>
https://www.google.com,วัดเหล่าโพธิ์,ตำบลหนองกุงสวรรค์,<p>no detail</p>
https://www.google.com,วัดท่าเดื่อ,ตำบลหนองบอน,<p>no detail</p>
https://www.google.com,วัดมงคลเทพประสิทธิ์,ตำบลหนองบอน,<p>no detail</p>
https://www.google.com,วัดหนองบอน,ตำบลหนองบอน,<p>no detail</p>
https://www.google.com,วัดหัวหนอง,ตำบลหนองบอน,<p>no detail</p>
https://www.google.com,วัดแห่เหนือ,ตำบลหนองบอน,<p>no detail</p>
https://www.google.com,วัดเกษมสุขาราม,ตำบลหนองบัว,<p>no detail</p>
https://www.google.com,วัดจันทรังษี,ตำบลหนองบัว,<p>no detail</p>
https://www.google.com,วัดจันทราราม,ตำบลหนองบัว,<p>no detail</p>
https://www.google.com,วัดสว่างศรีวิลัย,ตำบลหนองบัว,<p>no detail</p>
https://www.google.com,วัดสะอาดนครชัย,ตำบลหนองบัว,<p>no detail</p>
https://www.google.com,วัดสุคันธาราม,ตำบลหนองบัว,<p>no detail</p>
https://www.google.com,วัดโคกสี,ตำบลหนองเหล็ก,<p>no detail</p>
https://www.google.com,วัดโคกหมากมาย,ตำบลหนองเหล็ก,<p>no detail</p>
https://www.google.com,วัดดู่เหนือ,ตำบลหนองเหล็ก,<p>no detail</p>
https://www.google.com,วัดนาล้อม,ตำบลหนองเหล็ก,<p>no detail</p>
https://www.google.com,วัดโนนสะอาด,ตำบลหนองเหล็ก,<p>no detail</p>
https://www.google.com,วัดโนนสูง,ตำบลหนองเหล็ก,<p>no detail</p>
https://www.google.com,วัดบ้านทัน,ตำบลหนองเหล็ก,<p>no detail</p>
https://www.google.com,วัดวังขอนจิก,ตำบลหนองเหล็ก,<p>no detail</p>
https://www.google.com,วัดสวนกล้วย,ตำบลหนองเหล็ก,<p>no detail</p>
https://www.google.com,วัดหนองแวงใต้,ตำบลหนองเหล็ก,<p>no detail</p>
https://www.google.com,วัดหนองหญ้าม้า,ตำบลหนองเหล็ก,<p>no detail</p>
https://www.google.com,วัดหนองเหล็ก,ตำบลหนองเหล็ก,<p>no detail</p>
https://www.google.com,วัดกลางโกสุม,ตำบลหัวขวาง,<p>no detail</p>
https://www.google.com,วัดคุยโพธิ์,ตำบลหัวขวาง,<p>no detail</p>
https://www.google.com,วัดโชคชัยวราราม,ตำบลหัวขวาง,<p>no detail</p>
https://www.google.com,วัดดงรัง,ตำบลหัวขวาง,<p>no detail</p>
https://www.google.com,วัดดอนกลอย,ตำบลหัวขวาง,<p>no detail</p>
https://www.google.com,วัดท่างาม,ตำบลหัวขวาง,<p>no detail</p>
https://www.google.com,วัดศรีสุข,ตำบลหัวขวาง,<p>no detail</p>
https://www.google.com,วัดสังข์ทองวนาราม,ตำบลหัวขวาง,<p>no detail</p>
https://www.google.com,วัดหนองยาง,ตำบลหัวขวาง,<p>no detail</p>
https://www.google.com,วัดบ้านเขวา,ตำบลเหล่า,<p>no detail</p>
https://www.google.com,วัดบ้านแท่น,ตำบลเหล่า,<p>no detail</p>
https://www.google.com,วัดโพธิ์ศรีนวล,ตำบลเหล่า,<p>no detail</p>
https://www.google.com,วัดยางสินไชย,ตำบลเหล่า,<p>no detail</p>
https://www.google.com,วัดหนองแคน,ตำบลเหล่า,<p>no detail</p>
https://www.google.com,วัดชนะไพรี,ตำบลแห่ใต้,<p>no detail</p>
https://www.google.com,วัดทองมงคล,ตำบลแห่ใต้,<p>no detail</p>
https://www.google.com,วัดสว่างชัยศรี,ตำบลแห่ใต้,<p>no detail</p>
https://www.google.com,วัดอินทรวิชัย,ตำบลแห่ใต้,<p>no detail</p>
https://www.google.com,วัดแก่งโกสุม,ตำบลหัวขวาง,<p>no detail</p>
https://www.google.com,วัดเกาะแก้ว,ตำบลหัวขวาง,<p>no detail</p>
https://www.google.com,วัดกู่ทอง,ตำบลกู่ทอง,<p>no detail</p>
https://www.google.com,วัดบูรพา,ตำบลกู่ทอง,<p>no detail</p>
https://www.google.com,วัดโพธิ์หนองบุญชู,ตำบลกู่ทอง,<p>no detail</p>
https://www.google.com,วัดสระเกตุหนองมันปลา,ตำบลกู่ทอง,<p>no detail</p>
https://www.google.com,วัดสว่างโพธิ์ชัย,ตำบลกู่ทอง,<p>no detail</p>
https://www.google.com,วัดสว่างวิจารณ์,ตำบลกู่ทอง,<p>no detail</p>
https://www.google.com,วัดสว่างหนองชาด,ตำบลกู่ทอง,<p>no detail</p>
https://www.google.com,วัดหนองมันปลา,ตำบลกู่ทอง,<p>no detail</p>
https://www.google.com,วัดกลางเชียงยืน,ตำบลเชียงยืน,<p>no detail</p>
https://www.google.com,วัดนิคมสะอาด,ตำบลเชียงยืน,<p>no detail</p>
https://www.google.com,วัดปัจจิมเชียงยืน,ตำบลเชียงยืน,<p>no detail</p>
https://www.google.com,วัดโพธิ์ศรีสว่าง,ตำบลเชียงยืน,<p>no detail</p>
https://www.google.com,วัดสว่างสร้างแก้ว,ตำบลเชียงยืน,<p>no detail</p>
https://www.google.com,วัดหนองมะเม้า,ตำบลเชียงยืน,<p>no detail</p>
https://www.google.com,วัดหนองแวง,ตำบลเชียงยืน,<p>no detail</p>
https://www.google.com,วัดเหล่าหนาดโนนงิ้ว,ตำบลเชียงยืน,<p>no detail</p>
https://www.google.com,วัดจินดารมณ์,ตำบลดอนเงิน,<p>no detail</p>
https://www.google.com,วัดดอนเงิน,ตำบลดอนเงิน,<p>no detail</p>
https://www.google.com,วัดพรมพิชัย,ตำบลดอนเงิน,<p>no detail</p>
https://www.google.com,วัดวิไลธรรมาราม,ตำบลดอนเงิน,<p>no detail</p>
https://www.google.com,วัดวิเศษสมบูรณ์,ตำบลดอนเงิน,<p>no detail</p>
https://www.google.com,วัดสะอาดเจริญศิลป์,ตำบลดอนเงิน,<p>no detail</p>
https://www.google.com,วัดหัวหนอง,ตำบลดอนเงิน,<p>no detail</p>
https://www.google.com,วัดชัยพิมล,ตำบลนาทอง,<p>no detail</p>
https://www.google.com,วัดไชยสถานธรรม,ตำบลนาทอง,<p>no detail</p>
https://www.google.com,วัดธรรมจริยา,ตำบลนาทอง,<p>no detail</p>
https://www.google.com,วัดธรรมวิเวก,ตำบลนาทอง,<p>no detail</p>
https://www.google.com,วัดประทุมวราราม,ตำบลนาทอง,<p>no detail</p>
https://www.google.com,วัดป่าทัพม้า,ตำบลนาทอง,<p>no detail</p>
https://www.google.com,วัดศรีสมพร,ตำบลนาทอง,<p>no detail</p>
https://www.google.com,วัดศรีสุทธาราม,ตำบลนาทอง,<p>no detail</p>
https://www.google.com,วัดสุวรรณรังษี,ตำบลนาทอง,<p>no detail</p>
https://www.google.com,วัดโนนสวรรค์,ตำบลเสือเฒ่า,<p>no detail</p>
https://www.google.com,วัดบ้านจานสามัคคี,ตำบลเสือเฒ่า,<p>no detail</p>
https://www.google.com,วัดปัพพานิสสัย,ตำบลเสือเฒ่า,<p>no detail</p>
https://www.google.com,วัดโพธิ์ศรีบ้านเข็ง,ตำบลเสือเฒ่า,<p>no detail</p>
https://www.google.com,วัดโพธิ์ศรีบ้านจาน,ตำบลเสือเฒ่า,<p>no detail</p>
https://www.google.com,วัดวังน้ำขาว,ตำบลเสือเฒ่า,<p>no detail</p>
https://www.google.com,วัดสว่างศรีบุญเรือง,ตำบลเสือเฒ่า,<p>no detail</p>
https://www.google.com,วัดสว่างศรีวิลัย,ตำบลเสือเฒ่า,<p>no detail</p>
https://www.google.com,วัดหนองสระพัง,ตำบลเสือเฒ่า,<p>no detail</p>
https://www.google.com,วัดอิสาณเสือเฒ่า,ตำบลเสือเฒ่า,<p>no detail</p>
https://www.google.com,วัดจันทร์ประสิทธิ์,ตำบลหนองซอน,<p>no detail</p>
https://www.google.com,วัดพุทธประดิษฐ์,ตำบลหนองซอน,<p>no detail</p>
https://www.google.com,วัดมุจลินทราวาส,ตำบลหนองซอน,<p>no detail</p>
https://www.google.com,วัดราษฎร์นิคม,ตำบลหนองซอน,<p>no detail</p>
https://www.google.com,วัดราษฎร์พิสัย,ตำบลหนองซอน,<p>no detail</p>
https://www.google.com,วัดราษฎร์สังคม,ตำบลหนองซอน,<p>no detail</p>
https://www.google.com,วัดสิทธาราม,ตำบลหนองซอน,<p>no detail</p>
https://www.google.com,วัดสุทธรังสิทธิ์,ตำบลหนองซอน,<p>no detail</p>
https://www.google.com,วัดอุดมวิทยา,ตำบลหนองซอน,<p>no detail</p>
https://www.google.com,วัดอุทัยโพธิ์ทอง,ตำบลหนองซอน,<p>no detail</p>
https://www.google.com,วัดป่าบ้านแบก,ตำบลนาทอง,<p>no detail</p>
https://www.google.com,วัดป่าหนองซอน,ตำบลหนองซอน,<p>no detail</p>
https://www.google.com,วัดโกทา,ตำบลเขวาไร่,<p>no detail</p>
https://www.google.com,วัดขิงแคง,ตำบลเขวาไร่,<p>no detail</p>
https://www.google.com,วัดดอนกลอย,ตำบลเขวาไร่,<p>no detail</p>
https://www.google.com,วัดทุ่งสว่าง,ตำบลเขวาไร่,<p>no detail</p>
https://www.google.com,วัดบูรพาห้วยหลาว,ตำบลเขวาไร่,<p>no detail</p>
https://www.google.com,วัดรัมณียาราม,ตำบลเขวาไร่,<p>no detail</p>
https://www.google.com,วัดสว่างวิเวกจิต,ตำบลเขวาไร่,<p>no detail</p>
https://www.google.com,วัดหนองบัวแดง,ตำบลเขวาไร่,<p>no detail</p>
https://www.google.com,วัดหนองแสง,ตำบลเขวาไร่,<p>no detail</p>
https://www.google.com,วัดหัวหนองคู,ตำบลเขวาไร่,<p>no detail</p>
https://www.google.com,วัดกุดรังสุทธาราม,ตำบลนาเชือก,<p>no detail</p>
https://www.google.com,วัดค้อธิ,ตำบลนาเชือก,<p>no detail</p>
https://www.google.com,วัดค้อธิหนองม่วง,ตำบลนาเชือก,<p>no detail</p>
https://www.google.com,วัดทักษิณาราม,ตำบลนาเชือก,<p>no detail</p>
https://www.google.com,วัดนาเชือก,ตำบลนาเชือก,<p>no detail</p>
https://www.google.com,วัดบูรพา,ตำบลนาเชือก,<p>no detail</p>
https://www.google.com,วัดสุกาวาส,ตำบลนาเชือก,<p>no detail</p>
https://www.google.com,วัดห้วยทราย,ตำบลนาเชือก,<p>no detail</p>
https://www.google.com,วัดห้วยหิน,ตำบลนาเชือก,<p>no detail</p>
https://www.google.com,วัดกู่ทอง,ตำบลปอพาน,<p>no detail</p>
https://www.google.com,วัดบ้านหนองโน,ตำบลปอพาน,<p>no detail</p>
https://www.google.com,วัดบูรพา,ตำบลปอพาน,<p>no detail</p>
https://www.google.com,วัดโพธิ์ชัย,ตำบลปอพาน,<p>no detail</p>
https://www.google.com,วัดสหพัฒนาราม,ตำบลปอพาน,<p>no detail</p>
https://www.google.com,วัดเหล่าค้อ,ตำบลปอพาน,<p>no detail</p>
https://www.google.com,วัดอุดร,ตำบลปอพาน,<p>no detail</p>
https://www.google.com,วัดดีหล้าโพธิ์ธาราม,ตำบลสันป่าตอง,<p>no detail</p>
https://www.google.com,วัดตำแย,ตำบลสันป่าตอง,<p>no detail</p>
https://www.google.com,วัดทรงศิลา,ตำบลสันป่าตอง,<p>no detail</p>
https://www.google.com,วัดไทรทองป่าตอง,ตำบลสันป่าตอง,<p>no detail</p>
https://www.google.com,วัดขี้เหล็ก,ตำบลสำโรง,<p>no detail</p>
https://www.google.com,วัดบ้านขี้ตุ่น,ตำบลสำโรง,<p>no detail</p>
https://www.google.com,วัดบุรารัฐโพธาราม,ตำบลสำโรง,<p>no detail</p>
https://www.google.com,วัดโพนทราย,ตำบลสำโรง,<p>no detail</p>
https://www.google.com,วัดสำโรงรัตนาราม,ตำบลสำโรง,<p>no detail</p>
https://www.google.com,วัดเหล่ากว้าง,ตำบลสำโรง,<p>no detail</p>
https://www.google.com,วัดป่าหนองคู,ตำบลหนองกุง,<p>no detail</p>
https://www.google.com,วัดหนองกุง,ตำบลหนองกุง,<p>no detail</p>
https://www.google.com,วัดหนองแดง,ตำบลหนองกุง,<p>no detail</p>
https://www.google.com,วัดเก่าใหญ่,ตำบลหนองแดง,<p>no detail</p>
https://www.google.com,วัดบ้านวังหิน,ตำบลหนองแดง,<p>no detail</p>
https://www.google.com,วัดป่าโนนสะอาด,ตำบลหนองแดง,<p>no detail</p>
https://www.google.com,วัดโพธิ์ทอง,ตำบลหนองแดง,<p>no detail</p>
https://www.google.com,วัดโพธิ์ศรีสว่าง,ตำบลหนองแดง,<p>no detail</p>
https://www.google.com,วัดคึมบง,ตำบลหนองโพธิ์,<p>no detail</p>
https://www.google.com,วัดเชตวันหนองบึง,ตำบลหนองโพธิ์,<p>no detail</p>
https://www.google.com,วัดโพธิ์ศรีธาราม,ตำบลหนองโพธิ์,<p>no detail</p>
https://www.google.com,วัดกุดน้ำใส,ตำบลหนองเม็ก,<p>no detail</p>
https://www.google.com,วัดธรรมาภิระตาราม,ตำบลหนองเม็ก,<p>no detail</p>
https://www.google.com,วัดราษฎร์สามัคคี,ตำบลหนองเม็ก,<p>no detail</p>
https://www.google.com,วัดหนองเม็ก,ตำบลหนองเม็ก,<p>no detail</p>
https://www.google.com,วัดหนองเลา,ตำบลหนองเม็ก,<p>no detail</p>
https://www.google.com,วัดเหล่าอีหมัน,ตำบลหนองเม็ก,<p>no detail</p>
https://www.google.com,วัดอุปโป,ตำบลหนองเม็ก,<p>no detail</p>
https://www.google.com,วัดตลาดม่วง,ตำบลหนองเรือ,<p>no detail</p>
https://www.google.com,วัดหนองปอ,ตำบลหนองเรือ,<p>no detail</p>
https://www.google.com,วัดหนองเรือ,ตำบลหนองเรือ,<p>no detail</p>
https://www.google.com,วัดห้วยทราย,ตำบลหนองเรือ,<p>no detail</p>
https://www.google.com,วัดห้วยทราย,ตำบลหนองเรือ,<p>no detail</p>
https://www.google.com,วัดหัวสระ,ตำบลหนองเรือ,<p>no detail</p>
https://www.google.com,วัดป่าคูขาด,ตำบลหนองเรือ,<p>no detail</p>
https://www.google.com,วัดกู่ใต้,ตำบลกู่สันตรันต์,<p>no detail</p>
https://www.google.com,วัดยางอิไล,ตำบลกู่สันตรันต์,<p>no detail</p>
https://www.google.com,วัดสระบัว,ตำบลกู่สันตรันต์,<p>no detail</p>
https://www.google.com,วัดหนองทุ่ม,ตำบลกู่สันตรันต์,<p>no detail</p>
https://www.google.com,วัดโคกยาว,ตำบลดงดวน,<p>no detail</p>
https://www.google.com,วัดแดงโพง,ตำบลดงดวน,<p>no detail</p>
https://www.google.com,วัดนาฝาย,ตำบลดงดวน,<p>no detail</p>
https://www.google.com,วัดหนองบัวน้อย,ตำบลดงดวน,<p>no detail</p>
https://www.google.com,วัดเหล่าส้มลม,ตำบลดงดวน,<p>no detail</p>
https://www.google.com,วัดโนนสะอาด,ตำบลดงบัง,<p>no detail</p>
https://www.google.com,วัดป่าเรไลย์,ตำบลดงบัง,<p>no detail</p>
https://www.google.com,วัดโพธารมณ์,ตำบลดงบัง,<p>no detail</p>
https://www.google.com,วัดโคกเครือ,ตำบลดงยาง,<p>no detail</p>
https://www.google.com,วัดดงยาง,ตำบลดงยาง,<p>no detail</p>
https://www.google.com,วัดหนองผง,ตำบลดงยาง,<p>no detail</p>
https://www.google.com,วัดหลุบควัน,ตำบลดงยาง,<p>no detail</p>
https://www.google.com,วัดนาดูนพัฒนาราม,ตำบลนาดูน,<p>no detail</p>
https://www.google.com,วัดหนองกลางโคก,ตำบลนาดูน,<p>no detail</p>
https://www.google.com,วัดดงน้อย,ตำบลพระธาตุ,<p>no detail</p>
https://www.google.com,วัดโพธิ์ศรี,ตำบลพระธาตุ,<p>no detail</p>
https://www.google.com,วัดหงษาราม,ตำบลพระธาตุ,<p>no detail</p>
https://www.google.com,วัดหนองจิก,ตำบลพระธาตุ,<p>no detail</p>
https://www.google.com,วัดโนนมะเกลือ,ตำบลหนองคู,<p>no detail</p>
https://www.google.com,วัดบ้านโพนทอง,ตำบลหนองคู,<p>no detail</p>
https://www.google.com,วัดประชาสามัคคี,ตำบลหนองคู,<p>no detail</p>
https://www.google.com,วัดสุขาพัฒนาราม,ตำบลหนองคู,<p>no detail</p>
https://www.google.com,วัดหนองแต้น้อย,ตำบลหนองคู,<p>no detail</p>
https://www.google.com,วัดดาวประดิษฐ์,ตำบลหนองไผ่,<p>no detail</p>
https://www.google.com,วัดโนนเห็ดได,ตำบลหนองไผ่,<p>no detail</p>
https://www.google.com,วัดผลิวัน,ตำบลหนองไผ่,<p>no detail</p>
https://www.google.com,วัดสระเกษ,ตำบลหนองไผ่,<p>no detail</p>
https://www.google.com,วัดโคกกลาง,ตำบลหัวดง,<p>no detail</p>
https://www.google.com,วัดโคกเพิ่ม,ตำบลหัวดง,<p>no detail</p>
https://www.google.com,วัดดอนดู่,ตำบลหัวดง,<p>no detail</p>
https://www.google.com,วัดสระศิลา,ตำบลหัวดง,<p>no detail</p>
https://www.google.com,วัดหนองซำข่าสามัคคี,ตำบลหัวดง,<p>no detail</p>
https://www.google.com,วัดหัวดง,ตำบลหัวดง,<p>no detail</p>
https://www.google.com,วัดกำพี้,ตำบลกำพี้,<p>no detail</p>
https://www.google.com,วัดแดงน้อย,ตำบลกำพี้,<p>no detail</p>
https://www.google.com,วัดบ้านฮ่องไผ่,ตำบลกำพี้,<p>no detail</p>
https://www.google.com,วัดสองห้อง,ตำบลกำพี้,<p>no detail</p>
https://www.google.com,วัดสีมาวดี,ตำบลกำพี้,<p>no detail</p>
https://www.google.com,วัดเหล่ากา,ตำบลกำพี้,<p>no detail</p>
https://www.google.com,วัดเหล่ายาว,ตำบลกำพี้,<p>no detail</p>
https://www.google.com,วัดฮ่องน้อย,ตำบลกำพี้,<p>no detail</p>
https://www.google.com,วัดดอนงัว,ตำบลดอนงัว,<p>no detail</p>
https://www.google.com,วัดมงคลสามัคคี,ตำบลดอนงัว,<p>no detail</p>
https://www.google.com,วัดหนองขาม,ตำบลดอนงัว,<p>no detail</p>
https://www.google.com,วัดดอนพยอม,ตำบลโนนแดง,<p>no detail</p>
https://www.google.com,วัดโนนแดง,ตำบลโนนแดง,<p>no detail</p>
https://www.google.com,วัดโนนทอง,ตำบลโนนแดง,<p>no detail</p>
https://www.google.com,วัดบ้านศาลา,ตำบลโนนแดง,<p>no detail</p>
https://www.google.com,วัดป่ากุงหนา,ตำบลโนนแดง,<p>no detail</p>
https://www.google.com,วัดโพธิ์ศรีสว่าง,ตำบลโนนแดง,<p>no detail</p>
https://www.google.com,วัดมะขามหวาน,ตำบลโนนแดง,<p>no detail</p>
https://www.google.com,วัดหนองทุ่มวราราม,ตำบลโนนแดง,<p>no detail</p>
https://www.google.com,วัดหนองแวง,ตำบลโนนแดง,<p>no detail</p>
https://www.google.com,วัดเหล่าตามา,ตำบลโนนแดง,<p>no detail</p>
https://www.google.com,วัดอรัญญาวาส,ตำบลโนนแดง,<p>no detail</p>
https://www.google.com,วัดแก่นเท่า,ตำบลโนนราษี,<p>no detail</p>
https://www.google.com,วัดโนนราษี,ตำบลโนนราษี,<p>no detail</p>
https://www.google.com,วัดโนนสวรรค์,ตำบลโนนราษี,<p>no detail</p>
https://www.google.com,วัดบ้านฝาง,ตำบลโนนราษี,<p>no detail</p>
https://www.google.com,วัดบูรพาหนองบัว,ตำบลโนนราษี,<p>no detail</p>
https://www.google.com,วัดผักหวาน,ตำบลโนนราษี,<p>no detail</p>
https://www.google.com,วัดโพธิ์ศรี,ตำบลโนนราษี,<p>no detail</p>
https://www.google.com,วัดหัวขัว,ตำบลโนนราษี,<p>no detail</p>
https://www.google.com,วัดเหล่าใหญ่,ตำบลโนนราษี,<p>no detail</p>
https://www.google.com,วัดโคกกลาง,ตำบลบรบือ,<p>no detail</p>
https://www.google.com,วัดโคกล่าม,ตำบลบรบือ,<p>no detail</p>
https://www.google.com,วัดซำแฮด,ตำบลบรบือ,<p>no detail</p>
https://www.google.com,วัดนาดีวราราม,ตำบลบรบือ,<p>no detail</p>
https://www.google.com,วัดบรบือสราราม,ตำบลบรบือ,<p>no detail</p>
https://www.google.com,วัดแสงสว่างอารมณ์,ตำบลบรบือ,<p>no detail</p>
https://www.google.com,วัดเหล่าโง้ง,ตำบลบรบือ,<p>no detail</p>
https://www.google.com,วัดดงเค็ง,ตำบลบ่อใหญ่,<p>no detail</p>
https://www.google.com,วัดโนนทอง,ตำบลบ่อใหญ่,<p>no detail</p>
https://www.google.com,วัดป่าหนองหว้า,ตำบลบ่อใหญ่,<p>no detail</p>
https://www.google.com,วัดโพธิ์ศรีบ่อใหญ่,ตำบลบ่อใหญ่,<p>no detail</p>
https://www.google.com,วัดหนองทุ่ม,ตำบลบ่อใหญ่,<p>no detail</p>
https://www.google.com,วัดหนองหญ้าปล้อง,ตำบลบ่อใหญ่,<p>no detail</p>
https://www.google.com,วัดหนองหว้า,ตำบลบ่อใหญ่,<p>no detail</p>
https://www.google.com,วัดสว่างโนนทัน,ตำบลบัวมาศ,<p>no detail</p>
https://www.google.com,วัดหนองตุ,ตำบลบัวมาศ,<p>no detail</p>
https://www.google.com,วัดหนองแวง,ตำบลบัวมาศ,<p>no detail</p>
https://www.google.com,วัดบกพร้าว,ตำบลยาง,<p>no detail</p>
https://www.google.com,วัดบ้านแดง,ตำบลยาง,<p>no detail</p>
https://www.google.com,วัดบ้านยาง,ตำบลยาง,<p>no detail</p>
https://www.google.com,วัดหนองขาม,ตำบลยาง,<p>no detail</p>
https://www.google.com,วัดหนองหว้า,ตำบลยาง,<p>no detail</p>
https://www.google.com,วัดโคกก่อง,ตำบลวังไชย,<p>no detail</p>
https://www.google.com,วัดดอนถ่อ,ตำบลวังไชย,<p>no detail</p>
https://www.google.com,วัดโนนเกษตร,ตำบลวังไชย,<p>no detail</p>
https://www.google.com,วัดโนนสำราญ,ตำบลวังไชย,<p>no detail</p>
https://www.google.com,วัดวังหิน,ตำบลวังไชย,<p>no detail</p>
https://www.google.com,วัดหัวหนอง,ตำบลวังไชย,<p>no detail</p>
https://www.google.com,วัดอัมพวนาราม,ตำบลวังไชย,<p>no detail</p>
https://www.google.com,วัดโนนทัน,ตำบลวังใหม่,<p>no detail</p>
https://www.google.com,วัดมังคลาราม,ตำบลวังใหม่,<p>no detail</p>
https://www.google.com,วัดวังปลาโด,ตำบลวังใหม่,<p>no detail</p>
https://www.google.com,วัดสุคันธาราม,ตำบลวังใหม่,<p>no detail</p>
https://www.google.com,วัดโคกกลาง,ตำบลหนองโก,<p>no detail</p>
https://www.google.com,วัดบ้านเปลือย,ตำบลหนองโก,<p>no detail</p>
https://www.google.com,วัดสารญาณมุณี,ตำบลหนองโก,<p>no detail</p>
https://www.google.com,วัดหนองโก,ตำบลหนองโก,<p>no detail</p>
https://www.google.com,วัดหนองคลอง,ตำบลหนองโก,<p>no detail</p>
https://www.google.com,วัดหนองตูบ,ตำบลหนองโก,<p>no detail</p>
https://www.google.com,วัดโคกกู่,ตำบลหนองคูขาด,<p>no detail</p>
https://www.google.com,วัดดอนกลางวนาราม,ตำบลหนองคูขาด,<p>no detail</p>
https://www.google.com,วัดฝายป่าบัว,ตำบลหนองคูขาด,<p>no detail</p>
https://www.google.com,วัดไพรวัลย์,ตำบลหนองคูขาด,<p>no detail</p>
https://www.google.com,วัดโสกภารา,ตำบลหนองคูขาด,<p>no detail</p>
https://www.google.com,วัดหนองคูขาด,ตำบลหนองคูขาด,<p>no detail</p>
https://www.google.com,วัดหนองคูใหญ่,ตำบลหนองคูขาด,<p>no detail</p>
https://www.google.com,วัดหัวนาทัย,ตำบลหนองคูขาด,<p>no detail</p>
https://www.google.com,วัดคูแคน,ตำบลหนองจิก,<p>no detail</p>
https://www.google.com,วัดโคกลี่,ตำบลหนองจิก,<p>no detail</p>
https://www.google.com,วัดชัยโย,ตำบลหนองจิก,<p>no detail</p>
https://www.google.com,วัดซองแมว,ตำบลหนองจิก,<p>no detail</p>
https://www.google.com,วัดดอนบม,ตำบลหนองจิก,<p>no detail</p>
https://www.google.com,วัดบ้านค้อ,ตำบลหนองจิก,<p>no detail</p>
https://www.google.com,วัดหนองแก,ตำบลหนองจิก,<p>no detail</p>
https://www.google.com,วัดหนองจิก,ตำบลหนองจิก,<p>no detail</p>
https://www.google.com,วัดหัวนา,ตำบลหนองจิก,<p>no detail</p>
https://www.google.com,วัดเหล่าโพธิ์,ตำบลหนองจิก,<p>no detail</p>
https://www.google.com,วัดขี้เหล็ก,ตำบลหนองม่วง,<p>no detail</p>
https://www.google.com,วัดเขวาน้อย,ตำบลหนองม่วง,<p>no detail</p>
https://www.google.com,วัดโคกเสือเฒ่า,ตำบลหนองม่วง,<p>no detail</p>
https://www.google.com,วัดโคกใหญ่,ตำบลหนองม่วง,<p>no detail</p>
https://www.google.com,วัดดงมัน,ตำบลหนองม่วง,<p>no detail</p>
https://www.google.com,วัดทุ่งสว่างโนนม่วง,ตำบลหนองม่วง,<p>no detail</p>
https://www.google.com,วัดบ้านงิ้ว,ตำบลหนองม่วง,<p>no detail</p>
https://www.google.com,วัดม่วง,ตำบลหนองม่วง,<p>no detail</p>
https://www.google.com,วัดพงโพด,ตำบลหนองสิม,<p>no detail</p>
https://www.google.com,วัดวรินทราวาส,ตำบลหนองสิม,<p>no detail</p>
https://www.google.com,วัดเวฬุวนาราม,ตำบลหนองสิม,<p>no detail</p>
https://www.google.com,วัดสว่างสามัคคี,ตำบลหนองสิม,<p>no detail</p>
https://www.google.com,วัดหนองสิมใหญ่,ตำบลหนองสิม,<p>no detail</p>
https://www.google.com,วัดหนองตุหนองแวง,ตำบลบัวมาศ,<p>no detail</p>
https://www.google.com,วัดรัตนมานิตย์,ตำบลก้ามปู,<p>no detail</p>
https://www.google.com,วัดราษฎร์ประดิษฐ์,ตำบลก้ามปู,<p>no detail</p>
https://www.google.com,วัดโสมนัส,ตำบลก้ามปู,<p>no detail</p>
https://www.google.com,วัดหนองผือ,ตำบลก้ามปู,<p>no detail</p>
https://www.google.com,วัดดงบาก,ตำบลนาสีนวล,<p>no detail</p>
https://www.google.com,วัดดงศิลา,ตำบลนาสีนวล,<p>no detail</p>
https://www.google.com,วัดบูรณะอาณาเขต,ตำบลนาสีนวล,<p>no detail</p>
https://www.google.com,วัดมะชม,ตำบลนาสีนวล,<p>no detail</p>
https://www.google.com,วัดสระธาตุ,ตำบลนาสีนวล,<p>no detail</p>
https://www.google.com,วัดหนองแก,ตำบลนาสีนวล,<p>no detail</p>
https://www.google.com,วัดอุทัยทิศ,ตำบลนาสีนวล,<p>no detail</p>
https://www.google.com,วัดโนนเมือง,ตำบลปะหลาน,<p>no detail</p>
https://www.google.com,วัดพยัคฆภูมิวราราม,ตำบลปะหลาน,<p>no detail</p>
https://www.google.com,วัดโพธิ์ชัยนิมิตร,ตำบลปะหลาน,<p>no detail</p>
https://www.google.com,วัดราษฎร์ประชาสามัคคี,ตำบลปะหลาน,<p>no detail</p>
https://www.google.com,วัดหนองห้าง,ตำบลปะหลาน,<p>no detail</p>
https://www.google.com,วัดหนองตาเต็น,ตำบลภารแอ่น,<p>no detail</p>
https://www.google.com,วัดอรัญญิกาวาส,ตำบลภารแอ่น,<p>no detail</p>
https://www.google.com,วัดตาลอก,ตำบลเม็กดำ,<p>no detail</p>
https://www.google.com,วัดท่าชัยศรี,ตำบลเม็กดำ,<p>no detail</p>
https://www.google.com,วัดบ้านเหล่า,ตำบลเม็กดำ,<p>no detail</p>
https://www.google.com,วัดบูระพา,ตำบลเม็กดำ,<p>no detail</p>
https://www.google.com,วัดเม็กดำ,ตำบลเม็กดำ,<p>no detail</p>
https://www.google.com,วัดสวนตาลบ้านแก่นท้าว,ตำบลเม็กดำ,<p>no detail</p>
https://www.google.com,วัดสว่างวราราม,ตำบลเม็กดำ,<p>no detail</p>
https://www.google.com,วัดสำโรง,ตำบลเม็กดำ,<p>no detail</p>
https://www.google.com,วัดหัวช้าง,ตำบลเม็กดำ,<p>no detail</p>
https://www.google.com,วัดทุ่งเมืองเตา,ตำบลเมืองเตา,<p>no detail</p>
https://www.google.com,วัดโนนจาน,ตำบลเมืองเตา,<p>no detail</p>
https://www.google.com,วัดสง่าสามัคคี,ตำบลเมืองเตา,<p>no detail</p>
https://www.google.com,วัดสว่างอารุณ,ตำบลเมืองเตา,<p>no detail</p>
https://www.google.com,วัดเมืองเสือ,ตำบลเมืองเสือ,<p>no detail</p>
https://www.google.com,วัดหนองกก,ตำบลเมืองเสือ,<p>no detail</p>
https://www.google.com,วัดหนองแคน,ตำบลเมืองเสือ,<p>no detail</p>
https://www.google.com,วัดทัพป่าจิก,ตำบลราษฎร์เจริญ,<p>no detail</p>
https://www.google.com,วัดโพธิสว่าง,ตำบลราษฎร์เจริญ,<p>no detail</p>
https://www.google.com,วัดบ้านอีเม็ง,ตำบลราษฎร์พัฒนา,<p>no detail</p>
https://www.google.com,วัดรัตนวัน,ตำบลราษฎร์พัฒนา,<p>no detail</p>
https://www.google.com,วัดสระบาก,ตำบลราษฎร์พัฒนา,<p>no detail</p>
https://www.google.com,วัดราษฎร์เจริญ,ตำบลลานสะแก,<p>no detail</p>
https://www.google.com,วัดหนองแก,ตำบลลานสะแก,<p>no detail</p>
https://www.google.com,วัดหนองยาง,ตำบลลานสะแก,<p>no detail</p>
https://www.google.com,วัดดอนหมี,ตำบลเวียงสะอาด,<p>no detail</p>
https://www.google.com,วัดหัวดงนาค่าย,ตำบลเวียงสะอาด,<p>no detail</p>
https://www.google.com,วัดขามเรียน,ตำบลหนองบัว,<p>no detail</p>
https://www.google.com,วัดโคกล่าม,ตำบลหนองบัว,<p>no detail</p>
https://www.google.com,วัดโคกเลื่อน,ตำบลหนองบัว,<p>no detail</p>
https://www.google.com,วัดหนองหว้า,ตำบลหนองบัว,<p>no detail</p>
https://www.google.com,วัดหนองนาในวราราม,ตำบลหนองบัว,<p>no detail</p>
https://www.google.com,วัดเก่าน้อย,ตำบลหนองบัวแก้ว,<p>no detail</p>
https://www.google.com,วัดดอนหลี่,ตำบลหนองบัวแก้ว,<p>no detail</p>
https://www.google.com,วัดสระแคนใต้,ตำบลหนองบัวแก้ว,<p>no detail</p>
https://www.google.com,วัดสองห้อง,ตำบลหนองบัวแก้ว,<p>no detail</p>
https://www.google.com,วัดหนองบัวแก้ว,ตำบลหนองบัวแก้ว,<p>no detail</p>
https://www.google.com,วัดหนองบัวน้อย,ตำบลหนองบัวแก้ว,<p>no detail</p>
https://www.google.com,วัดดงบาก,ตำบลภารแอ่น,<p>no detail</p>
https://www.google.com,วัดหนองไผ่,ตำบลลานสะแก,<p>no detail</p>
https://www.google.com,วัดเกิ้งเหนือ,ตำบลเกิ้ง,<p>no detail</p>
https://www.google.com,วัดท่างาม,ตำบลเกิ้ง,<p>no detail</p>
https://www.google.com,วัดท่าประทาย,ตำบลเกิ้ง,<p>no detail</p>
https://www.google.com,วัดโนนตูม,ตำบลเกิ้ง,<p>no detail</p>
https://www.google.com,วัดบ้านดินดำ,ตำบลเกิ้ง,<p>no detail</p>
https://www.google.com,วัดบึงวังยาว,ตำบลเกิ้ง,<p>no detail</p>
https://www.google.com,วัดบูรพาเกิ้งใต้,ตำบลเกิ้ง,<p>no detail</p>
https://www.google.com,วัดวังยาว,ตำบลเกิ้ง,<p>no detail</p>
https://www.google.com,วัดบ้านท่าแร่,ตำบลแก่งเลิงจาน,<p>no detail</p>
https://www.google.com,วัดโพธิไชยาราม,ตำบลแก่งเลิงจาน,<p>no detail</p>
https://www.google.com,วัดเม่นใหญ่,ตำบลแก่งเลิงจาน,<p>no detail</p>
https://www.google.com,วัดสุวรรณาวาส,ตำบลแก่งเลิงจาน,<p>no detail</p>
https://www.google.com,วัดหนองจิก,ตำบลแก่งเลิงจาน,<p>no detail</p>
https://www.google.com,วัดหนองใหญ่,ตำบลแก่งเลิงจาน,<p>no detail</p>
https://www.google.com,วัดบ้านหมี่,ตำบลเขวา,<p>no detail</p>
https://www.google.com,วัดบ้านหัน,ตำบลเขวา,<p>no detail</p>
https://www.google.com,วัดบ้านเอียด,ตำบลเขวา,<p>no detail</p>
https://www.google.com,วัดปรางค์กู่,ตำบลเขวา,<p>no detail</p>
https://www.google.com,วัดโพธิ์ศรีเชียงเหียน,ตำบลเขวา,<p>no detail</p>
https://www.google.com,วัดโพธิ์ศรีบ้านติ้ว,ตำบลเขวา,<p>no detail</p>
https://www.google.com,วัดโพธิ์สระแก้ว,ตำบลเขวา,<p>no detail</p>
https://www.google.com,วัดราษฎร์ประดิษฐ์,ตำบลเขวา,<p>no detail</p>
https://www.google.com,วัดสีชมพู,ตำบลเขวา,<p>no detail</p>
https://www.google.com,วัดใหม่ขุนเขวา,ตำบลเขวา,<p>no detail</p>
https://www.google.com,วัดบ้านโคกก่อ,ตำบลโคกก่อ,<p>no detail</p>
https://www.google.com,วัดบ้านสมศรี,ตำบลโคกก่อ,<p>no detail</p>
https://www.google.com,วัดภูดิน,ตำบลโคกก่อ,<p>no detail</p>
https://www.google.com,วัดศิริชัย,ตำบลโคกก่อ,<p>no detail</p>
https://www.google.com,วัดหนองโจด,ตำบลโคกก่อ,<p>no detail</p>
https://www.google.com,วัดหนองหิน,ตำบลโคกก่อ,<p>no detail</p>
https://www.google.com,วัดหนองอีดำ,ตำบลโคกก่อ,<p>no detail</p>
https://www.google.com,วัดดอนหว่าน,ตำบลดอนหว่าน,<p>no detail</p>
https://www.google.com,วัดโพธิ์ศรีวนาราม,ตำบลดอนหว่าน,<p>no detail</p>
https://www.google.com,วัดหนองหล่ม,ตำบลดอนหว่าน,<p>no detail</p>
https://www.google.com,วัดหัวหนอง,ตำบลดอนหว่าน,<p>no detail</p>
https://www.google.com,วัดเหล่าหนาด,ตำบลดอนหว่าน,<p>no detail</p>
https://www.google.com,วัดเครือวัลย์สุทธาวาส,ตำบลตลาด,<p>no detail</p>
https://www.google.com,วัดท่าเสมา,ตำบลตลาด,<p>no detail</p>
https://www.google.com,วัดธัญญาวาส,ตำบลตลาด,<p>no detail</p>
https://www.google.com,วัดนาควิชัย,ตำบลตลาด,<p>no detail</p>
https://www.google.com,วัดปัจฉิมทัศน์,ตำบลตลาด,<p>no detail</p>
https://www.google.com,วัดป่าศุภมิตรสิทธาราม,ตำบลตลาด,<p>no detail</p>
https://www.google.com,วัดโพธิ์ศรี,ตำบลตลาด,<p>no detail</p>
https://www.google.com,วัดศรีสวัสดิ์,ตำบลตลาด,<p>no detail</p>
https://www.google.com,วัดส่องเหนือ,ตำบลตลาด,<p>no detail</p>
https://www.google.com,วัดอุทัยทิศ,ตำบลตลาด,<p>no detail</p>
https://www.google.com,วัดกุดเวียน,ตำบลท่าตูม,<p>no detail</p>
https://www.google.com,วัดจันทราวาส,ตำบลท่าตูม,<p>no detail</p>
https://www.google.com,วัดดอนเรือ,ตำบลท่าตูม,<p>no detail</p>
https://www.google.com,วัดท่าตูม,ตำบลท่าตูม,<p>no detail</p>
https://www.google.com,วัดป่าสโมสร,ตำบลท่าตูม,<p>no detail</p>
https://www.google.com,วัดวารินทราวาส,ตำบลท่าตูม,<p>no detail</p>
https://www.google.com,วัดสุทธาวาส,ตำบลท่าตูม,<p>no detail</p>
https://www.google.com,วัดหนองโดน,ตำบลท่าตูม,<p>no detail</p>
https://www.google.com,วัดขุนพรหมดำริ,ตำบลท่าสองคอน,<p>no detail</p>
https://www.google.com,วัดดงเค็ง,ตำบลท่าสองคอน,<p>no detail</p>
https://www.google.com,วัดดอนหัน,ตำบลท่าสองคอน,<p>no detail</p>
https://www.google.com,วัดท่าสองคอน,ตำบลท่าสองคอน,<p>no detail</p>
https://www.google.com,วัดน้อยดวงสิทธิ์บูรพาราม,ตำบลท่าสองคอน,<p>no detail</p>
https://www.google.com,วัดโนนแต้,ตำบลท่าสองคอน,<p>no detail</p>
https://www.google.com,วัดสันติวัน,ตำบลท่าสองคอน,<p>no detail</p>
https://www.google.com,วัดหนองกุงเต่า,ตำบลท่าสองคอน,<p>no detail</p>
https://www.google.com,วัดหินลาด,ตำบลท่าสองคอน,<p>no detail</p>
https://www.google.com,วัดจันทาริวาส,ตำบลบัวค้อ,<p>no detail</p>
https://www.google.com,วัดบัวค้อ,ตำบลบัวค้อ,<p>no detail</p>
https://www.google.com,วัดปทุมวนาราม,ตำบลบัวค้อ,<p>no detail</p>
https://www.google.com,วัดยุวราช,ตำบลบัวค้อ,<p>no detail</p>
https://www.google.com,วัดหนองค้อ,ตำบลบัวค้อ,<p>no detail</p>
https://www.google.com,วัดหนองคูณ,ตำบลบัวค้อ,<p>no detail</p>
https://www.google.com,วัดกุดซุย,ตำบลลาดพัฒนา,<p>no detail</p>
https://www.google.com,วัดโพธิ์ศรีบ้านลาด,ตำบลลาดพัฒนา,<p>no detail</p>
https://www.google.com,วัดแสงสว่างบุ่งคล้า,ตำบลลาดพัฒนา,<p>no detail</p>
https://www.google.com,วัดอัมพวัน,ตำบลลาดพัฒนา,<p>no detail</p>
https://www.google.com,วัดเก่าน้อย,ตำบลแวงน่าง,<p>no detail</p>
https://www.google.com,วัดดอนบม,ตำบลแวงน่าง,<p>no detail</p>
https://www.google.com,วัดใต้ดงน้อย,ตำบลแวงน่าง,<p>no detail</p>
https://www.google.com,วัดใต้แวงน่าง,ตำบลแวงน่าง,<p>no detail</p>
https://www.google.com,วัดเนรัญชรา,ตำบลแวงน่าง,<p>no detail</p>
https://www.google.com,วัดโนนเดื่อ,ตำบลแวงน่าง,<p>no detail</p>
https://www.google.com,วัดสว่าง,ตำบลแวงน่าง,<p>no detail</p>
https://www.google.com,วัดเหนือดงน้อย,ตำบลแวงน่าง,<p>no detail</p>
https://www.google.com,วัดเหนือแวงน่าง,ตำบลแวงน่าง,<p>no detail</p>
https://www.google.com,วัดเจริญผล,ตำบลหนองโน,<p>no detail</p>
https://www.google.com,วัดเทพวิหก,ตำบลหนองโน,<p>no detail</p>
https://www.google.com,วัดบ้านกุดแคน,ตำบลหนองโน,<p>no detail</p>
https://www.google.com,วัดโคกศรี,ตำบลหนองปลิง,<p>no detail</p>
https://www.google.com,วัดโพธิ์ศรีหนองคู,ตำบลหนองปลิง,<p>no detail</p>
https://www.google.com,วัดโพธิ์ศรีหนองปลิง,ตำบลหนองปลิง,<p>no detail</p>
https://www.google.com,วัดหัวนาคำ,ตำบลหนองปลิง,<p>no detail</p>
https://www.google.com,วัดดอนไฮ,ตำบลห้วยแอ่ง,<p>no detail</p>
https://www.google.com,วัดท่างาม,ตำบลห้วยแอ่ง,<p>no detail</p>
https://www.google.com,วัดบ้านโด,ตำบลห้วยแอ่ง,<p>no detail</p>
https://www.google.com,วัดหมากหญ้า,ตำบลห้วยแอ่ง,<p>no detail</p>
https://www.google.com,วัดป่าโนนแท่น,ตำบลแวงน่าง,<p>no detail</p>
https://www.google.com,วัดป่าศิลาขันธุ์วิเวก,ตำบลแวงน่าง,<p>no detail</p>
https://www.google.com,วัดสถานสงเคราะห์คนชรา,ตำบลหนองปลิง,<p>no detail</p>
https://www.google.com,วัดป่าบ้านค่าย,ตำบลโคกก่อ,<p>no detail</p>
https://www.google.com,วัดป่าศรีสุโพธิ์วนาราม, ,<p>no detail</p>
https://www.google.com,วัดหนองแปน, ,<p>no detail</p>
https://www.google.com,วัดอุตราราม, ,<p>no detail</p>
https://www.google.com,วัดหนองกอก, ,<p>no detail</p>
https://www.google.com,วัดยางสีสุราช, ,<p>no detail</p>
https://www.google.com,วัดดงเมืองน้อย, ,<p>no detail</p>
https://www.google.com,วัดหนองหน่อง, ,<p>no detail</p>
https://www.google.com,วัดสว่างอารมณ์, ,<p>no detail</p>
https://www.google.com,วัดโนนจาน, ,<p>no detail</p>
https://www.google.com,วัดโนนแห่, ,<p>no detail</p>
https://www.google.com,วัดชัยมงคล, ,<p>no detail</p>
https://www.google.com,วัดโนนรัง, ,<p>no detail</p>
https://www.google.com,วัดหนองจิก, ,<p>no detail</p>
https://www.google.com,วัดหนองหญ้าปล้อง, ,<p>no detail</p>
https://www.google.com,วัดหัวช้าง, ,<p>no detail</p>
https://www.google.com,วัดโคกม่วง, ,<p>no detail</p>
https://www.google.com,วัดสะเดาหวาน, ,<p>no detail</p>
https://www.google.com,วัดสวอง, ,<p>no detail</p>
https://www.google.com,วัดนาเลิง, ,<p>no detail</p>
https://www.google.com,วัดศาลา, ,<p>no detail</p>
https://www.google.com,วัดสว่างนาภู, ,<p>no detail</p>
https://www.google.com,วัดหนองบัวชุม, ,<p>no detail</p>
https://www.google.com,วัดเหล่าหมากคำ, ,<p>no detail</p>
https://www.google.com,วัดป่าจิก, ,<p>no detail</p>
https://www.google.com,วัดดงแดน, ,<p>no detail</p>
https://www.google.com,วัดชัยมงคลวนาราม, ,<p>no detail</p>
https://www.google.com,วัดดอนกลาง, ,<p>no detail</p>
https://www.google.com,วัดบุ่งง้าว, ,<p>no detail</p>
https://www.google.com,วัดหนองโดน, ,<p>no detail</p>
https://www.google.com,วัดนกเหาะ, ,<p>no detail</p>
https://www.google.com,วัดบ้านเปล่ง, ,<p>no detail</p>
https://www.google.com,วัดชัยประดู่, ,<p>no detail</p>
https://www.google.com,วัดหัวเรือ, ,<p>no detail</p>
https://www.google.com,วัดหนองบัวสันตุ, ,<p>no detail</p>
https://www.google.com,วัดหนองรูแข้, ,<p>no detail</p>
https://www.google.com,วัดหนองแวง, ,<p>no detail</p>
https://www.google.com,วัดหนองขุ่น, ,<p>no detail</p>
https://www.google.com,วัดหนองพุก, ,<p>no detail</p>
https://www.google.com,วัดเหล่างิ้วบุญญาวาส, ,<p>no detail</p>
https://www.google.com,วัดเหล่างิ้ววนาราม, ,<p>no detail</p>
https://www.google.com,วัดหนองบัวใต้, ,<p>no detail</p>
https://www.google.com,วัดหูลิง, ,<p>no detail</p>
https://www.google.com,วัดฉนวน, ,<p>no detail</p>
https://www.google.com,วัดตาพวน, ,<p>no detail</p>
https://www.google.com,วัดสะตือสร้างแช่ง, ,<p>no detail</p>
https://www.google.com,วัดหนองบัวแปะ, ,<p>no detail</p>
https://www.google.com,วัดโนนสวรรค์, ,<p>no detail</p>
https://www.google.com,วัดหนองบัวน้อย, ,<p>no detail</p>
https://www.google.com,วัดพังคีศรีวนาราม, ,<p>no detail</p>
https://www.google.com,วัดขามป้อม,ตำบลขามป้อม,<p>no detail</p>
https://www.google.com,วัดโนนจาน,ตำบลขามป้อม,<p>no detail</p>
https://www.google.com,วัดบ้านโนน,ตำบลขามป้อม,<p>no detail</p>
https://www.google.com,วัดหนองใต้,ตำบลขามป้อม,<p>no detail</p>
https://www.google.com,วัดหนองบก,ตำบลขามป้อม,<p>no detail</p>
https://www.google.com,วัดหนองแวง,ตำบลขามป้อม,<p>no detail</p>
https://www.google.com,วัดเก่าน้อย,ตำบลแคน,<p>no detail</p>
https://www.google.com,วัดเขวาค้อ,ตำบลแคน,<p>no detail</p>
https://www.google.com,วัดโคกกลาง,ตำบลแคน,<p>no detail</p>
https://www.google.com,วัดโคกสะอาด,ตำบลแคน,<p>no detail</p>
https://www.google.com,วัดโคกใหญ่,ตำบลแคน,<p>no detail</p>
https://www.google.com,วัดฉิมพลีดู่งิ้ว,ตำบลแคน,<p>no detail</p>
https://www.google.com,วัดโนนสีลา,ตำบลแคน,<p>no detail</p>
https://www.google.com,วัดประดู่,ตำบลแคน,<p>no detail</p>
https://www.google.com,วัดแวงชัยวนาราม,ตำบลแคน,<p>no detail</p>
https://www.google.com,วัดสระแคน,ตำบลแคน,<p>no detail</p>
https://www.google.com,วัดหนองโจด,ตำบลแคน,<p>no detail</p>
https://www.google.com,วัดโคกสีนอก,ตำบลโคกสีทองหลาง,<p>no detail</p>
https://www.google.com,วัดโคกสีใน,ตำบลโคกสีทองหลาง,<p>no detail</p>
https://www.google.com,วัดทองหลาง,ตำบลโคกสีทองหลาง,<p>no detail</p>
https://www.google.com,วัดคูชาดพัฒนา,ตำบลงัวบา,<p>no detail</p>
https://www.google.com,วัดตระคลอง,ตำบลงัวบา,<p>no detail</p>
https://www.google.com,วัดบ้านงัวบา,ตำบลงัวบา,<p>no detail</p>
https://www.google.com,วัดรัตนโสภา,ตำบลงัวบา,<p>no detail</p>
https://www.google.com,วัดศิริมงคล,ตำบลงัวบา,<p>no detail</p>
https://www.google.com,วัดสว่าง,ตำบลงัวบา,<p>no detail</p>
https://www.google.com,วัดหัวทำนบ,ตำบลงัวบา,<p>no detail</p>
https://www.google.com,วัดกุดแคน,ตำบลดงใหญ่,<p>no detail</p>
https://www.google.com,วัดดอนหัน,ตำบลดงใหญ่,<p>no detail</p>
https://www.google.com,วัดใต้,ตำบลดงใหญ่,<p>no detail</p>
https://www.google.com,วัดโนนตูม,ตำบลดงใหญ่,<p>no detail</p>
https://www.google.com,วัดโพธิ์ศรีดงใหญ่,ตำบลดงใหญ่,<p>no detail</p>
https://www.google.com,วัดโคกเต่า,ตำบลนาข่า,<p>no detail</p>
https://www.google.com,วัดโคกสูง,ตำบลนาข่า,<p>no detail</p>
https://www.google.com,วัดน้ำเกลี้ยง,ตำบลนาข่า,<p>no detail</p>
https://www.google.com,วัดลัฎฐิวัล,ตำบลนาข่า,<p>no detail</p>
https://www.google.com,วัดสระจันทร์,ตำบลนาข่า,<p>no detail</p>
https://www.google.com,วัดหนองขี,ตำบลนาข่า,<p>no detail</p>
https://www.google.com,วัดหนองเสียว,ตำบลนาข่า,<p>no detail</p>
https://www.google.com,วัดหนองคลอง,ตำบลบ้านหวาย,<p>no detail</p>
https://www.google.com,วัดบ้านเปลือย,ตำบลบ้านหวาย,<p>no detail</p>
https://www.google.com,วัดหนองแต้,ตำบลบ้านหวาย,<p>no detail</p>
https://www.google.com,วัดหนองไผ่,ตำบลบ้านหวาย,<p>no detail</p>
https://www.google.com,วัดบ้านหวาย,ตำบลบ้านหวาย,<p>no detail</p>
https://www.google.com,วัดตลาด,ตำบลบ้านหวาย,<p>no detail</p>
https://www.google.com,วัดโนนโพธิ์,ตำบลบ้านหวาย,<p>no detail</p>
https://www.google.com,วัดบ้านหวาย,ตำบลบ้านหวาย,<p>no detail</p>
https://www.google.com,วัดมะแซว,ตำบลบ้านหวาย,<p>no detail</p>
https://www.google.com,วัดหนองโง้ง,ตำบลบ้านหวาย,<p>no detail</p>
https://www.google.com,วัดจำปาศรี,ตำบลประชาพัฒนา,<p>no detail</p>
https://www.google.com,วัดโนนทัน,ตำบลประชาพัฒนา,<p>no detail</p>
https://www.google.com,วัดศรีวิชัย,ตำบลประชาพัฒนา,<p>no detail</p>
https://www.google.com,วัดสระบัว,ตำบลประชาพัฒนา,<p>no detail</p>
https://www.google.com,วัดหนองสระ,ตำบลประชาพัฒนา,<p>no detail</p>
https://www.google.com,วัดอรัญญา,ตำบลประชาพัฒนา,<p>no detail</p>
https://www.google.com,วัดแก่นเท่า,ตำบลโพธิ์ชัย,<p>no detail</p>
https://www.google.com,วัดตำแย,ตำบลโพธิ์ชัย,<p>no detail</p>
https://www.google.com,วัดบูรพา,ตำบลโพธิ์ชัย,<p>no detail</p>
https://www.google.com,วัดโพธิ์ชัยศรี,ตำบลโพธิ์ชัย,<p>no detail</p>
https://www.google.com,วัดติกขมณีวรรณ,ตำบลเสือโก้ก,<p>no detail</p>
https://www.google.com,วัดเทพศิริหนองกุง,ตำบลเสือโก้ก,<p>no detail</p>
https://www.google.com,วัดวีรธรรมาราม,ตำบลเสือโก้ก,<p>no detail</p>
https://www.google.com,วัดศรีมุนีวรรณ,ตำบลเสือโก้ก,<p>no detail</p>
https://www.google.com,วัดศาลา,ตำบลเสือโก้ก,<p>no detail</p>
https://www.google.com,วัดสังวรณ์,ตำบลเสือโก้ก,<p>no detail</p>
https://www.google.com,วัดหนองผือ,ตำบลเสือโก้ก,<p>no detail</p>
https://www.google.com,วัดโนนเขวา,ตำบลหนองทุ่ม,<p>no detail</p>
https://www.google.com,วัดหนองตาไก้,ตำบลหนองทุ่ม,<p>no detail</p>
https://www.google.com,วัดหนองทุ่ม,ตำบลหนองทุ่ม,<p>no detail</p>
https://www.google.com,วัดอัมพวันสุทธาวาส,ตำบลหนองทุ่ม,<p>no detail</p>
https://www.google.com,วัดกระยอม,ตำบลหนองแสง,<p>no detail</p>
https://www.google.com,วัดจอกขวาง,ตำบลหนองแสง,<p>no detail</p>
https://www.google.com,วัดโนนท่อน,ตำบลหนองแสง,<p>no detail</p>
https://www.google.com,วัดปลาบู่,ตำบลหนองแสง,<p>no detail</p>
https://www.google.com,วัดป่ายาง,ตำบลหนองแสง,<p>no detail</p>
https://www.google.com,วัดศรีชุมพล,ตำบลหนองแสง,<p>no detail</p>
https://www.google.com,วัดสมณคุตประดิษฐ์,ตำบลหนองแสง,<p>no detail</p>
https://www.google.com,วัดสองห้องใต้,ตำบลหนองแสง,<p>no detail</p>
https://www.google.com,วัดสองห้องเหนือ,ตำบลหนองแสง,<p>no detail</p>
https://www.google.com,วัดสุวรรณพัตร์,ตำบลหนองแสง,<p>no detail</p>
https://www.google.com,วัดโสมนัสประดิษฐ์,ตำบลหนองแสง,<p>no detail</p>
https://www.google.com,วัดหนองขาม,ตำบลหนองแสง,<p>no detail</p>
https://www.google.com,วัดหนองคูไชย,ตำบลหนองแสง,<p>no detail</p>
https://www.google.com,วัดหนองเดิ่น,ตำบลหนองแสง,<p>no detail</p>
https://www.google.com,วัดหัวงัว,ตำบลหนองแสง,<p>no detail</p>
https://www.google.com,วัดอินทราราม,ตำบลหนองแสง,<p>no detail</p>
https://www.google.com,วัดกุดนาดี,ตำบลหนองแสน,<p>no detail</p>
https://www.google.com,วัดสามัคคีธรรม,ตำบลหนองแสน,<p>no detail</p>
https://www.google.com,วัดหนองแสนใต้,ตำบลหนองแสน,<p>no detail</p>
https://www.google.com,วัดหนองแสนเหนือ,ตำบลหนองแสน,<p>no detail</p>
https://www.google.com,วัดโคกสีไฮ,ตำบลหนองไฮ,<p>no detail</p>
https://www.google.com,วัดป่าหนองไฮ,ตำบลหนองไฮ,<p>no detail</p>
https://www.google.com,วัดเวฬุวาศรี,ตำบลหนองไฮ,<p>no detail</p>
https://www.google.com,วัดหนองคูม่วง,ตำบลหนองไฮ,<p>no detail</p>
https://www.google.com,วัดหนองไฮ,ตำบลหนองไฮ,<p>no detail</p>
https://www.google.com,วัดชาดน้อย,ตำบลหัวเรือ,<p>no detail</p>
https://www.google.com,วัดชาดใหญ่,ตำบลหัวเรือ,<p>no detail</p>
https://www.google.com,วัดทุ่งสว่าง,ตำบลหัวเรือ,<p>no detail</p>
https://www.google.com,วัดนาฝาย,ตำบลหัวเรือ,<p>no detail</p>
https://www.google.com,วัดยางไก่เฒ่า,ตำบลหัวเรือ,<p>no detail</p>
https://www.google.com,วัดรังษี,ตำบลหัวเรือ,<p>no detail</p>
https://www.google.com,วัดศิลา,ตำบลหัวเรือ,<p>no detail</p>
https://www.google.com,วัดหนองแก,ตำบลหัวเรือ,<p>no detail</p>
https://www.google.com,วัดหนองบัว,ตำบลหัวเรือ,<p>no detail</p>
https://www.google.com,วัดป่าคำผักกูด,ตำบลนาข่า,<p>no detail</p>
https://www.google.com,วัดผำเหล่าหุ่ง,ตำบลหัวเรือ,<p>no detail</p>
https://www.google.com,วัดป่าอุดมมงคล,ตำบลหนองแสน,<p>no detail</p>
https://www.google.com,วัดป่าคำใจ,ตำบลหนองไฮ,<p>no detail</p>
https://th.wikipedia.org/wiki/%E0%B8%A7%E0%B8%B1%E0%B8%94%E0%B8%A1%E0%B8%AB%E0%B8%B2%E0%B8%8A%E0%B8%B1%E0%B8%A2_(%E0%B8%88%E0%B8%B1%E0%B8%87%E0%B8%AB%E0%B8%A7%E0%B8%B1%E0%B8%94%E0%B8%A1%E0%B8%AB%E0%B8%B2%E0%B8%AA%E0%B8%B2%E0%B8%A3%E0%B8%84%E0%B8%B2%E0%B8%A1),วัดมหาชัย,ตำบลตลาด,"<p><b>วัดมหาชัย (<a href=""/wiki/%E0%B8%9E%E0%B8%A3%E0%B8%B0%E0%B8%AD%E0%B8%B2%E0%B8%A3%E0%B8%B2%E0%B8%A1%E0%B8%AB%E0%B8%A5%E0%B8%A7%E0%B8%87"" title=""พระอารามหลวง"">พระอารามหลวง</a>)</b> หรือ <b>วัดเหนือ</b> เป็นพระอารามหลวงชั้นตรี ชนิดสามัญ สังกัดคณะสงฆ์มหานิกาย เลขที่ 779 ถนนศรีราชวงศ์ ตำบลตลาด อำเภอเมือง <a href=""/wiki/%E0%B8%88%E0%B8%B1%E0%B8%87%E0%B8%AB%E0%B8%A7%E0%B8%B1%E0%B8%94%E0%B8%A1%E0%B8%AB%E0%B8%B2%E0%B8%AA%E0%B8%B2%E0%B8%A3%E0%B8%84%E0%B8%B2%E0%B8%A1"" title=""จังหวัดมหาสารคาม"">จังหวัดมหาสารคาม</a> </p>"
https://th.wikipedia.org/wiki/%E0%B8%A7%E0%B8%B1%E0%B8%94%E0%B9%80%E0%B8%A7%E0%B8%AC%E0%B8%B8%E0%B8%A7%E0%B8%B1%E0%B8%99,วัดเวฬุวัน,ตำบลมะค่า,"<p><b>วัดเวฬุวันมหาวิหาร</b> หรือ <b>พระวิหารเวฬุวันกลันทกนิวาปสถาน</b></p><p>วัดเวฬุวันมหาวิหาร ปัจจุบันยังคงอยู่ เป็นซากโบราณสถานในสวนไผ่ที่ร่มรื่น มีสระน้ำขนาดใหญ่ภายใน มีรั้วรอบด้าน อยู่ในความดูแลของทางราชการ<a href=""/wiki/%E0%B8%AD%E0%B8%B4%E0%B8%99%E0%B9%80%E0%B8%94%E0%B8%B5%E0%B8%A2"" class=""mw-redirect"" title=""อินเดีย"">อินเดีย</a></p>"
https://th.wikipedia.org/wiki/%E0%B8%A7%E0%B8%B1%E0%B8%94%E0%B8%AD%E0%B8%B1%E0%B8%A1%E0%B8%9E%E0%B8%A7%E0%B8%B1%E0%B8%99,วัดอัมพวัน,ตำบลบ่อใหญ่,<p>no detail</p>
https://th.wikipedia.org/wiki/%E0%B8%A7%E0%B8%B1%E0%B8%94%E0%B8%AD%E0%B8%B1%E0%B8%A1%E0%B8%9E%E0%B8%A7%E0%B8%B1%E0%B8%99,วัดอัมพวัน,ตำบลชื่นชม,<p>no detail</p>
https://th.wikipedia.org/wiki/%E0%B8%A7%E0%B8%B1%E0%B8%94%E0%B8%AD%E0%B8%B1%E0%B8%A1%E0%B8%9E%E0%B8%A7%E0%B8%B1%E0%B8%99,วัดอัมพวัน,ตำบลราษฎร์เจริญ,<p>no detail</p>
https://th.wikipedia.org/wiki/%E0%B8%A7%E0%B8%B1%E0%B8%94%E0%B8%AD%E0%B8%B1%E0%B8%A1%E0%B8%9E%E0%B8%A7%E0%B8%B1%E0%B8%99,วัดอัมพวัน,ตำบลแห่ใต้,<p>no detail</p>
https://th.wikipedia.org/wiki/%E0%B8%A7%E0%B8%B1%E0%B8%94%E0%B8%AD%E0%B8%B1%E0%B8%A1%E0%B8%9E%E0%B8%A7%E0%B8%B1%E0%B8%99,วัดอัมพวัน,ตำบลกุดใส้จ่อ,<p>no detail</p>
https://th.wikipedia.org/wiki/%E0%B8%A7%E0%B8%B1%E0%B8%94%E0%B8%AD%E0%B8%B1%E0%B8%A1%E0%B8%9E%E0%B8%A7%E0%B8%B1%E0%B8%99,วัดอัมพวัน,ตำบลงัวบา,<p>no detail</p>
https://th.wikipedia.org/wiki/%E0%B8%A7%E0%B8%B1%E0%B8%94%E0%B8%9B%E0%B8%A3%E0%B8%A1%E0%B8%B1%E0%B8%A2%E0%B8%A2%E0%B8%B4%E0%B8%81%E0%B8%B2%E0%B8%A7%E0%B8%B2%E0%B8%AA,วัดปรมัยยิกาวาส,ตำบลเขวา,<p>no detail</p>
https://th.wikipedia.org/wiki/%E0%B8%A7%E0%B8%B1%E0%B8%94%E0%B9%82%E0%B8%9E%E0%B8%98%E0%B8%B4%E0%B9%8C,วัดโพธิ์,ตำบลหนองแสง,<p>no detail</p>
https://th.wikipedia.org/wiki/%E0%B8%A7%E0%B8%B1%E0%B8%94%E0%B8%AA%E0%B8%B8%E0%B8%A7%E0%B8%A3%E0%B8%A3%E0%B8%93%E0%B8%B2%E0%B8%A7%E0%B8%B2%E0%B8%AA_(%E0%B8%AD%E0%B8%B3%E0%B9%80%E0%B8%A0%E0%B8%AD%E0%B8%81%E0%B8%B1%E0%B8%99%E0%B8%97%E0%B8%A3%E0%B8%A7%E0%B8%B4%E0%B8%8A%E0%B8%B1%E0%B8%A2),วัดสุวรรณาวาส,ตำบลโคกพระ,<p>no detail</p>
https://th.wikipedia.org/wiki/%E0%B8%A7%E0%B8%B1%E0%B8%94%E0%B8%A3%E0%B8%B2%E0%B8%A9%E0%B8%8E%E0%B8%A3%E0%B9%8C%E0%B8%AA%E0%B8%B2%E0%B8%A1%E0%B8%B1%E0%B8%84%E0%B8%84%E0%B8%B5,วัดราษฎร์สามัคคี,ตำบลโคกพระ,<p>no detail</p>
https://th.wikipedia.org/wiki/%E0%B8%A7%E0%B8%B1%E0%B8%94%E0%B8%81%E0%B8%A5%E0%B8%B2%E0%B8%87,วัดกลาง,ตำบลหนองแสง,<p>no detail</p>
https://th.wikipedia.org/wiki/%E0%B8%A7%E0%B8%B1%E0%B8%94%E0%B8%9B%E0%B9%88%E0%B8%B2%E0%B8%A7%E0%B8%B1%E0%B8%87%E0%B8%99%E0%B9%89%E0%B8%B3%E0%B9%80%E0%B8%A2%E0%B9%87%E0%B8%99_(%E0%B8%88%E0%B8%B1%E0%B8%87%E0%B8%AB%E0%B8%A7%E0%B8%B1%E0%B8%94%E0%B8%A1%E0%B8%AB%E0%B8%B2%E0%B8%AA%E0%B8%B2%E0%B8%A3%E0%B8%84%E0%B8%B2%E0%B8%A1),วัดป่าวังน้ำเย็น,ตำบลขามเฒ่าพัฒนา,<p>no detail</p>
https://th.wikipedia.org/wiki/%E0%B8%A7%E0%B8%B1%E0%B8%94%E0%B8%AA%E0%B8%B8%E0%B8%A7%E0%B8%A3%E0%B8%A3%E0%B8%93%E0%B8%B2%E0%B8%A3%E0%B8%B2%E0%B8%A1,วัดสุวรรณาราม,ตำบลหนองบัว,<p>no detail</p>
https://th.wikipedia.org/wiki/%E0%B8%A7%E0%B8%B1%E0%B8%94%E0%B9%82%E0%B8%9E%E0%B8%98%E0%B8%B4%E0%B9%8C%E0%B8%97%E0%B8%AD%E0%B8%87,วัดโพธิ์ทอง,ตำบลนาสีนวล,<p>no detail</p>
https://th.wikipedia.org/wiki/%E0%B8%A7%E0%B8%B1%E0%B8%94%E0%B8%9B%E0%B8%A3%E0%B8%B0%E0%B8%94%E0%B8%B9%E0%B9%88%E0%B8%97%E0%B8%A3%E0%B8%87%E0%B8%98%E0%B8%A3%E0%B8%A3%E0%B8%A1,วัดประดู่ทรงธรรม,ตำบลหัวเรือ,<p>no detail</p>
https://th.wikipedia.org/wiki/%E0%B8%A7%E0%B8%B1%E0%B8%94%E0%B8%A3%E0%B8%B2%E0%B8%A9%E0%B8%8E%E0%B8%A3%E0%B9%8C%E0%B8%9A%E0%B8%B9%E0%B8%A3%E0%B8%93%E0%B8%B0,วัดราษฎร์บูรณะ,ตำบลก้ามปู,<p>no detail</p>
https://th.wikipedia.org/wiki/%E0%B8%A7%E0%B8%B1%E0%B8%94%E0%B9%82%E0%B8%9E%E0%B8%98%E0%B8%B2%E0%B8%A3%E0%B8%B2%E0%B8%A1_(%E0%B8%95%E0%B8%B3%E0%B8%9A%E0%B8%A5%E0%B8%94%E0%B8%87%E0%B8%9A%E0%B8%B1%E0%B8%87),วัดโพธาราม,ตำบลดงบัง,<p>no detail</p>
https://th.wikipedia.org/wiki/%E0%B8%A7%E0%B8%B1%E0%B8%94%E0%B8%AA%E0%B8%A3%E0%B8%B0%E0%B9%81%E0%B8%81%E0%B9%89%E0%B8%A7,วัดสระแก้ว,ตำบลขามเรียง,<p>no detail</p>
https://th.wikipedia.org/wiki/%E0%B8%A7%E0%B8%B1%E0%B8%94%E0%B8%AA%E0%B8%A3%E0%B8%B0%E0%B9%81%E0%B8%81%E0%B9%89%E0%B8%A7,วัดสระแก้ว,ตำบลโพนงาม,<p>no detail</p>
https://th.wikipedia.org/wiki/%E0%B8%A7%E0%B8%B1%E0%B8%94%E0%B8%AA%E0%B8%A3%E0%B8%B0%E0%B9%81%E0%B8%81%E0%B9%89%E0%B8%A7,วัดสระแก้ว,ตำบลวังใหม่,<p>no detail</p>
https://th.wikipedia.org/wiki/%E0%B8%A7%E0%B8%B1%E0%B8%94%E0%B8%97%E0%B8%AD%E0%B8%87%E0%B8%99%E0%B8%9E%E0%B8%84%E0%B8%B8%E0%B8%93,วัดทองนพคุณ,ตำบลปะหลาน,<p>no detail</p>
https://th.wikipedia.org/wiki/%E0%B8%A7%E0%B8%B1%E0%B8%94%E0%B9%84%E0%B8%9C%E0%B9%88%E0%B8%A5%E0%B9%89%E0%B8%AD%E0%B8%A1,วัดไผ่ล้อม,ตำบลขามป้อม,<p>no detail</p>
https://th.wikipedia.org/wiki/%E0%B8%A7%E0%B8%B1%E0%B8%94%E0%B8%A3%E0%B8%B2%E0%B8%A9%E0%B8%8E%E0%B8%A3%E0%B9%8C%E0%B8%9A%E0%B8%B3%E0%B8%A3%E0%B8%B8%E0%B8%87,วัดราษฎร์บำรุง,ตำบลเวียงชัย,<p>no detail</p>
https://th.wikipedia.org/wiki/%E0%B8%A7%E0%B8%B1%E0%B8%94%E0%B9%82%E0%B8%9E%E0%B8%98%E0%B8%B2%E0%B8%A3%E0%B8%B2%E0%B8%A1,วัดโพธาราม,ตำบลหนองไฮ,<p>no detail</p>
https://th.wikipedia.org/wiki/%E0%B8%A7%E0%B8%B1%E0%B8%94%E0%B9%82%E0%B8%9E%E0%B8%98%E0%B8%B2%E0%B8%A3%E0%B8%B2%E0%B8%A1,วัดโพธาราม,ตำบลขามเรียง,<p>no detail</p>
https://th.wikipedia.org/wiki/%E0%B8%A7%E0%B8%B1%E0%B8%94%E0%B9%82%E0%B8%9E%E0%B8%98%E0%B8%B2%E0%B8%A3%E0%B8%B2%E0%B8%A1,วัดโพธาราม,ตำบลหนองไผ่,<p>no detail</p>
https://th.wikipedia.org/wiki/%E0%B8%A7%E0%B8%B1%E0%B8%94%E0%B8%AB%E0%B8%B1%E0%B8%A7%E0%B8%9D%E0%B8%B2%E0%B8%A2,วัดหัวฝาย,ตำบลเสือโก้ก,<p>no detail</p>
https://th.wikipedia.org/wiki/%E0%B8%A7%E0%B8%B1%E0%B8%94%E0%B8%AB%E0%B8%99%E0%B8%AD%E0%B8%87%E0%B8%9A%E0%B8%B1%E0%B8%A7,วัดหนองบัว,ตำบลหนองกุง,<p>no detail</p>
https://th.wikipedia.org/wiki/%E0%B8%A7%E0%B8%B1%E0%B8%94%E0%B8%AB%E0%B8%99%E0%B8%AD%E0%B8%87%E0%B8%9A%E0%B8%B1%E0%B8%A7,วัดหนองบัว,ตำบลกุดรัง,<p>no detail</p>
https://th.wikipedia.org/wiki/%E0%B8%A7%E0%B8%B1%E0%B8%94%E0%B8%A8%E0%B8%B2%E0%B8%A5%E0%B8%B2%E0%B8%97%E0%B8%AD%E0%B8%87,วัดศาลาทอง,ตำบลวังใหม่,"<p><br /><b>วัดศาลาทอง</b> ตั้งอยู่เลขที่ 12 ถนนเบญจรงค์ <a href=""/wiki/%E0%B9%80%E0%B8%97%E0%B8%A8%E0%B8%9A%E0%B8%B2%E0%B8%A5%E0%B8%99%E0%B8%84%E0%B8%A3%E0%B8%99%E0%B8%84%E0%B8%A3%E0%B8%A3%E0%B8%B2%E0%B8%8A%E0%B8%AA%E0%B8%B5%E0%B8%A1%E0%B8%B2"" title=""เทศบาลนครนครราชสีมา"">ตำบลในเมือง</a> <a href=""/wiki/%E0%B8%AD%E0%B8%B3%E0%B9%80%E0%B8%A0%E0%B8%AD%E0%B9%80%E0%B8%A1%E0%B8%B7%E0%B8%AD%E0%B8%87%E0%B8%99%E0%B8%84%E0%B8%A3%E0%B8%A3%E0%B8%B2%E0%B8%8A%E0%B8%AA%E0%B8%B5%E0%B8%A1%E0%B8%B2"" title=""อำเภอเมืองนครราชสีมา"">อำเภอเมืองนครราชสีมา</a> <a href=""/wiki/%E0%B8%88%E0%B8%B1%E0%B8%87%E0%B8%AB%E0%B8%A7%E0%B8%B1%E0%B8%94%E0%B8%99%E0%B8%84%E0%B8%A3%E0%B8%A3%E0%B8%B2%E0%B8%8A%E0%B8%AA%E0%B8%B5%E0%B8%A1%E0%B8%B2"" title=""จังหวัดนครราชสีมา"">จังหวัดนครราชสีมา</a> เป็น<a href=""/wiki/%E0%B8%A7%E0%B8%B1%E0%B8%94%E0%B8%A3%E0%B8%B2%E0%B8%A9%E0%B8%8E%E0%B8%A3%E0%B9%8C"" class=""mw-redirect"" title=""วัดราษฎร์"">วัดราษฎร์</a> ฝ่าย<a href=""/wiki/%E0%B8%98%E0%B8%A3%E0%B8%A3%E0%B8%A1%E0%B8%A2%E0%B8%B8%E0%B8%95%E0%B8%B4%E0%B8%81%E0%B8%99%E0%B8%B4%E0%B8%81%E0%B8%B2%E0%B8%A2"" title=""ธรรมยุติกนิกาย"">ธรรมยุติกนิกาย</a> มีเนื้อที่ประมาณ 50 ไร่เศษ เป็นวัดที่มีอายุเก่าแก่ตั้งแต่สมัยขอมยังเรืองอำนาจ </p>"
https://th.wikipedia.org/wiki/%E0%B8%A7%E0%B8%B1%E0%B8%94%E0%B9%82%E0%B8%9E%E0%B8%98%E0%B8%B4%E0%B9%8C%E0%B8%8A%E0%B8%B1%E0%B8%A2,วัดโพธิ์ชัย,ตำบลกู่ทอง,<p>no detail</p>
https://th.wikipedia.org/wiki/%E0%B8%A7%E0%B8%B1%E0%B8%94%E0%B9%82%E0%B8%9E%E0%B8%98%E0%B8%B4%E0%B9%8C%E0%B8%8A%E0%B8%B1%E0%B8%A2,วัดโพธิ์ชัย,ตำบลภารแอ่น,<p>no detail</p>
https://th.wikipedia.org/wiki/%E0%B8%A7%E0%B8%B1%E0%B8%94%E0%B8%9A%E0%B8%B9%E0%B8%A3%E0%B8%9E%E0%B8%B2%E0%B8%A3%E0%B8%B2%E0%B8%A1,วัดบูรพาราม,ตำบลตลาด,<p>no detail</p>
https://th.wikipedia.org/wiki/%E0%B8%A7%E0%B8%B1%E0%B8%94%E0%B8%9A%E0%B8%B9%E0%B8%A3%E0%B8%9E%E0%B8%B2%E0%B8%A3%E0%B8%B2%E0%B8%A1,วัดบูรพาราม,ตำบลเขวา,<p>no detail</p>
https://th.wikipedia.org/wiki/%E0%B8%A7%E0%B8%B1%E0%B8%94%E0%B8%AA%E0%B8%B2%E0%B8%A1%E0%B8%B1%E0%B8%84%E0%B8%84%E0%B8%B5,วัดสามัคคี,ตำบลตลาด,<p>no detail</p>
https://th.wikipedia.org/wiki/%E0%B8%A7%E0%B8%B1%E0%B8%94%E0%B8%A8%E0%B8%A3%E0%B8%B5%E0%B8%A1%E0%B8%AB%E0%B8%B2%E0%B9%82%E0%B8%9E%E0%B8%98%E0%B8%B4%E0%B9%8C,วัดศรีมหาโพธิ์,ตำบลคันธารราษฎร์,<p>no detail</p>
https://th.wikipedia.org/wiki/%E0%B8%A7%E0%B8%B1%E0%B8%94%E0%B8%9B%E0%B8%A3%E0%B8%B0%E0%B8%8A%E0%B8%B2%E0%B8%9A%E0%B8%B3%E0%B8%A3%E0%B8%B8%E0%B8%87_(%E0%B8%88%E0%B8%B1%E0%B8%87%E0%B8%AB%E0%B8%A7%E0%B8%B1%E0%B8%94%E0%B8%A1%E0%B8%AB%E0%B8%B2%E0%B8%AA%E0%B8%B2%E0%B8%A3%E0%B8%84%E0%B8%B2%E0%B8%A1),วัดประชาบำรุง,ตำบลตลาด,<p>no detail</p>
https://th.wikipedia.org/wiki/%E0%B8%A7%E0%B8%B1%E0%B8%94%E0%B8%94%E0%B8%AD%E0%B8%99%E0%B8%95%E0%B8%B9%E0%B8%A1,วัดดอนตูม,ตำบลแก่งเลิงจาน,<p>no detail</p>
https://th.wikipedia.org/wiki/%E0%B8%A7%E0%B8%B1%E0%B8%94%E0%B8%A8%E0%B8%A3%E0%B8%B5%E0%B9%80%E0%B8%A7%E0%B8%AC%E0%B8%B8%E0%B8%A7%E0%B8%B1%E0%B8%99,วัดศรีเวฬุวัน,ตำบลเกิ้ง,<p>no detail</p>
https://th.wikipedia.org/wiki/%E0%B8%A7%E0%B8%B1%E0%B8%94%E0%B8%98%E0%B8%A3%E0%B8%A3%E0%B8%A1%E0%B8%A1%E0%B8%87%E0%B8%84%E0%B8%A5,วัดธรรมมงคล,ตำบลขามเฒ่าพัฒนา,"<p><b>วัดธรรมมงคลเถาบุญญนนทวิหาร</b> หรือมักเรียกโดยย่อว่า <b>วัดธรรมมงคล</b> สังกัดธรรมยุติกนิกาย ตั้งอยู่ที่แขวงบางจาก เขตพระโขนง กรุงเทพมหานคร ประเทศไทย สร้างขึ้นในปี พ.ศ. 2506 เดิมเป็นป่าสะแก ซึ่งท่าน<a href=""/wiki/%E0%B8%AA%E0%B8%A1%E0%B9%80%E0%B8%94%E0%B9%87%E0%B8%88%E0%B8%9E%E0%B8%A3%E0%B8%B0%E0%B8%8D%E0%B8%B2%E0%B8%93%E0%B8%A7%E0%B8%8A%E0%B8%B4%E0%B9%82%E0%B8%A3%E0%B8%94%E0%B8%A1_(%E0%B8%A7%E0%B8%B4%E0%B8%A3%E0%B8%B4%E0%B8%A2%E0%B8%B1%E0%B8%87%E0%B8%84%E0%B9%8C_%E0%B8%AA%E0%B8%B4%E0%B8%A3%E0%B8%B4%E0%B8%99%E0%B8%BA%E0%B8%98%E0%B9%82%E0%B8%A3)"" title=""สมเด็จพระญาณวชิโรดม (วิริยังค์ สิรินฺธโร)"">เจ้าประคุณสมเด็จพระญาณวชิโรดม (วิริยังค์ สิรินฺธโร)</a> ใช้เป็นที่พักธุดงค์ในระหว่างเดินทางเข้ากรุงเทพฯ นายเถา-นางบุญมา อยู่ประเทศ มีศรัทธาจึงมอบที่ให้ และได้สร้างเป็นวัดขึ้น เมื่อปี พ.ศ. 2506 ปัจจุบันมีเนื้อที่ทั้งสิ้น 32 ไร่ มี พระภิกษุ สามเณร จำพรรษาประมาณ 300 กว่ารูป ปัจจุบันมีพระครูปลัดสัมพิพัฒนวิริยาจารย์ (บุรมณ์ เตชธมฺโม) เป็นเจ้าอาวาส </p>"
https://th.wikipedia.org/wiki/%E0%B8%A7%E0%B8%B1%E0%B8%94%E0%B8%AA%E0%B8%A7%E0%B9%88%E0%B8%B2%E0%B8%87%E0%B8%AD%E0%B8%B2%E0%B8%A3%E0%B8%A1%E0%B8%93%E0%B9%8C,วัดสว่างอารมณ์,ตำบลเวียงสะอาด,<p>no detail</p>
https://th.wikipedia.org/wiki/%E0%B8%A7%E0%B8%B1%E0%B8%94%E0%B8%AA%E0%B8%A7%E0%B9%88%E0%B8%B2%E0%B8%87%E0%B8%AD%E0%B8%B2%E0%B8%A3%E0%B8%A1%E0%B8%93%E0%B9%8C,วัดสว่างอารมณ์,ตำบลดอนเงิน,<p>no detail</p>
https://th.wikipedia.org/wiki/%E0%B8%A7%E0%B8%B1%E0%B8%94%E0%B8%AA%E0%B8%A7%E0%B9%88%E0%B8%B2%E0%B8%87%E0%B8%AD%E0%B8%B2%E0%B8%A3%E0%B8%A1%E0%B8%93%E0%B9%8C,วัดสว่างอารมณ์,ตำบลโพนงาม,<p>no detail</p>
https://th.wikipedia.org/wiki/%E0%B8%A7%E0%B8%B1%E0%B8%94%E0%B8%AA%E0%B8%A7%E0%B9%88%E0%B8%B2%E0%B8%87%E0%B8%AD%E0%B8%B2%E0%B8%A3%E0%B8%A1%E0%B8%93%E0%B9%8C,วัดสว่างอารมณ์,ตำบลมะค่า,<p>no detail</p>
https://th.wikipedia.org/wiki/%E0%B8%A7%E0%B8%B1%E0%B8%94%E0%B8%AA%E0%B8%A7%E0%B9%88%E0%B8%B2%E0%B8%87%E0%B8%AD%E0%B8%B2%E0%B8%A3%E0%B8%A1%E0%B8%93%E0%B9%8C,วัดสว่างอารมณ์,ตำบลกุดปลาดุก,<p>no detail</p>
https://th.wikipedia.org/wiki/%E0%B8%A7%E0%B8%B1%E0%B8%94%E0%B8%AA%E0%B8%A7%E0%B9%88%E0%B8%B2%E0%B8%87%E0%B8%AD%E0%B8%B2%E0%B8%A3%E0%B8%A1%E0%B8%93%E0%B9%8C,วัดสว่างอารมณ์,ตำบลนาข่า,<p>no detail</p>
https://th.wikipedia.org/wiki/%E0%B8%A7%E0%B8%B1%E0%B8%94%E0%B8%AA%E0%B8%A7%E0%B9%88%E0%B8%B2%E0%B8%87%E0%B8%AD%E0%B8%B2%E0%B8%A3%E0%B8%A1%E0%B8%93%E0%B9%8C,วัดสว่างอารมณ์,ตำบลท่าตูม,<p>no detail</p>
https://th.wikipedia.org/wiki/%E0%B8%A7%E0%B8%B1%E0%B8%94%E0%B8%8A%E0%B8%B1%E0%B8%A2%E0%B8%A1%E0%B8%87%E0%B8%84%E0%B8%A5,วัดชัยมงคล,ตำบลแพง,<p>no detail</p>
https://th.wikipedia.org/wiki/%E0%B8%A7%E0%B8%B1%E0%B8%94%E0%B8%8A%E0%B8%B1%E0%B8%A2%E0%B8%A1%E0%B8%87%E0%B8%84%E0%B8%A5,วัดชัยมงคล,ตำบลยางน้อย,<p>no detail</p>
https://th.wikipedia.org/wiki/%E0%B8%A7%E0%B8%B1%E0%B8%94%E0%B8%8A%E0%B8%B1%E0%B8%A2%E0%B8%A1%E0%B8%87%E0%B8%84%E0%B8%A5,วัดชัยมงคล,ตำบลนาสีนวน,<p>no detail</p>
https://th.wikipedia.org/wiki/%E0%B8%A7%E0%B8%B1%E0%B8%94%E0%B8%9B%E0%B8%97%E0%B8%B8%E0%B8%A1%E0%B8%A7%E0%B8%99%E0%B8%B2%E0%B8%A3%E0%B8%B2%E0%B8%A1,วัดปทุมวนาราม,ตำบลโคกพระ,"<p><b>วัดปทุมวนาราม ราชวรวิหาร</b> เป็น<a href=""/wiki/%E0%B8%9E%E0%B8%A3%E0%B8%B0%E0%B8%AD%E0%B8%B2%E0%B8%A3%E0%B8%B2%E0%B8%A1%E0%B8%AB%E0%B8%A5%E0%B8%A7%E0%B8%87"" title=""พระอารามหลวง"">พระอารามหลวง</a>ชั้นตรี ชนิดราชวรวิหาร</p>"
https://th.wikipedia.org/wiki/%E0%B8%A7%E0%B8%B1%E0%B8%94%E0%B8%AD%E0%B8%A0%E0%B8%B4%E0%B8%AA%E0%B8%B4%E0%B8%97%E0%B8%98%E0%B8%B4%E0%B9%8C,วัดอภิสิทธิ์,ตำบลตลาด,<p>no detail</p>
https://th.wikipedia.org/wiki/%E0%B8%A7%E0%B8%B1%E0%B8%94%E0%B8%A8%E0%B8%A3%E0%B8%B5%E0%B8%9A%E0%B8%B8%E0%B8%8D%E0%B9%80%E0%B8%A3%E0%B8%B7%E0%B8%AD%E0%B8%87,วัดศรีบุญเรือง,ตำบลเขวาไร่,<p>no detail</p>
https://th.wikipedia.org/wiki/%E0%B8%A7%E0%B8%B1%E0%B8%94%E0%B8%81%E0%B8%B9%E0%B9%88%E0%B8%AA%E0%B8%B8%E0%B8%99%E0%B8%97%E0%B8%A3%E0%B8%B2%E0%B8%A3%E0%B8%B2%E0%B8%A1,วัดกู่สุนทราราม,ตำบลเสือโก้ก,<p>no detail</p>
https://th.wikipedia.org/wiki/%E0%B8%A7%E0%B8%B1%E0%B8%94%E0%B9%84%E0%B8%9E%E0%B8%A3%E0%B8%AA%E0%B8%B8%E0%B8%A7%E0%B8%A3%E0%B8%A3%E0%B8%93,วัดไพรสุวรรณ,ตำบลนาทอง,<p><b>วัดไพรสุวรรณ</b> เดิมเป็นวัดร้าง พระอาจารย์สอน ได้เข้ามาบูรณะในพุทธศักราช 2455</p>
https://th.wikipedia.org/wiki/%E0%B8%A7%E0%B8%B1%E0%B8%94%E0%B8%9E%E0%B8%B8%E0%B8%97%E0%B8%98%E0%B8%A7%E0%B8%99%E0%B8%B2%E0%B8%A3%E0%B8%B2%E0%B8%A1_(%E0%B8%88%E0%B8%B1%E0%B8%87%E0%B8%AB%E0%B8%A7%E0%B8%B1%E0%B8%94%E0%B8%A1%E0%B8%AB%E0%B8%B2%E0%B8%AA%E0%B8%B2%E0%B8%A3%E0%B8%84%E0%B8%B2%E0%B8%A1),วัดพุทธวนาราม,ตำบลเกิ้ง,<p>no detail</p>
https://th.wikipedia.org/wiki/%E0%B8%A7%E0%B8%B1%E0%B8%94%E0%B9%83%E0%B8%95%E0%B9%89%E0%B9%82%E0%B8%81%E0%B8%AA%E0%B8%B8%E0%B8%A1,วัดใต้โกสุม,ตำบลหัวขวาง,<p>no detail</p>
